구분,회사명,전화번호,공장대표주소,업종명,직원수,관리기관명,관리기관전화번호,생산품
구미해평농공단지,(주)나산이엔씨,054-715-5550,경상북도 구미시 해평면 월호3길 73,공기 조화장치 제조업,17,경상북도 구미시청,054-480-6137,
구미해평농공단지,(주)대봉산업,,경상북도 구미시 해평면 월호3길 69,운송장비 조립용 플라스틱제품 제조업 외 1 종,13,경상북도 구미시청,054-480-6137,
구미해평농공단지,(주)새동방,054-474-0439,경상북도 구미시 해평면 월호3길 18 (동방섬유),재생섬유 제조업,5,경상북도 구미시청,054-480-6137,
구미해평농공단지,(주)에스에스앤아이,054-474-2120,경상북도 구미시 해평면 월호3길 51,산업처리공정 제어장비 제조업,2,경상북도 구미시청,054-480-6137,
구미해평농공단지,(주)한성정공1공장,054-474-0970,경상북도 구미시 해평면 월호3길 51,그 외 기타 전자부품 제조업 외 8 종,12,경상북도 구미시청,054-480-6137,
구미해평농공단지,(주)한성정공3공장,054-474-0970,경상북도 구미시 해평면 월호3길 61,그 외 기타 전자부품 제조업 외 1 종,24,경상북도 구미시청,054-480-6137,
구미해평농공단지,구일엔지니어링,,경상북도 구미시 해평면 월호3길 45,농업 및 임업용 기계 제조업,10,경상북도 구미시청,054-480-6137,
구미해평농공단지,대산포장,054-474-2005,경상북도 구미시 해평면 월호3길 37,골판지 제조업 외 1 종,8,경상북도 구미시청,054-480-6137,
구미해평농공단지,동명산업,054-474-6671,경상북도 구미시 해평면 월호3길 57,육상 금속 골조 구조재 제조업 외 1 종,4,경상북도 구미시청,054-480-6137,
구미해평농공단지,동신휀스철망공업사,054-474-8581,경상북도 구미시 해평면 월호3길 38,금속선 가공제품 제조업,16,경상북도 구미시청,054-480-6137,
구미해평농공단지,삼풍기업(주),054-474-2852,경상북도 구미시 해평면 월호3길 37 (아일공업(주)),자동차용 금속 압형제품 제조업 외 1 종,36,경상북도 구미시청,054-480-6137,
구미해평농공단지,세계산업,054-473-4124,경상북도 구미시 해평면 월호3길 45,"카펫, 마루덮개 및 유사제품 제조업",8,경상북도 구미시청,054-480-6137,
구미해평농공단지,에스피폴리머(주),,경상북도 구미시 해평면 월호3길 37 (아일공업(주)),혼성 및 재생 플라스틱 소재 물질 제조업,28,경상북도 구미시청,054-480-6137,
구미해평농공단지,주식회사 바이오스,054-473-8001,경상북도 구미시 해평면 월호3길 29,액체 여과기 제조업 외 9 종,41,경상북도 구미시청,054-480-6137,
구미해평농공단지,주식회사 케이디,053-636-0396,경상북도 구미시 해평면 월호3길 29,액체 여과기 제조업 외 8 종,14,경상북도 구미시청,054-480-6137,
구미해평농공단지,케이디파워 주식회사,054-441-9500,경상북도 구미시 해평면 월호3길 73,배전반 및 전기 자동제어반 제조업,14,경상북도 구미시청,054-480-6137,
구미해평농공단지,한성정공4공장,,경상북도 구미시 해평면 월호3길 51,그외기타전자부품제조업,13,경상북도 구미시청,054-480-6137,
구미해평농공단지,현펌프테크 주식회사,054-481-0098,경상북도 구미시 해평면 월호3길 61,액체 펌프 제조업,9,경상북도 구미시청,054-480-6137,
구미산동농공단지,(주)나노머티어리얼,054-462-0878,경상북도 구미시 산동읍 동곡3길 28,반도체 제조용 기계 제조업,2,경상북도 구미시청,054-480-6137,
구미산동농공단지,(주)대산,,경상북도 구미시 산동읍 동곡3길 22,연사 및 가공사 제조업,18,경상북도 구미시청,054-480-6137,
구미산동농공단지,(주)대산산업,054-468-4242,경상북도 구미시 산동읍 동곡3길 16,기타 방적업,40,경상북도 구미시청,054-480-6137,
구미산동농공단지,(주)미래아이앤티,054-476-4711,경상북도 구미시 산동읍 동곡3길 25,플라스틱 접착처리 제품 제조업 외 1 종,13,경상북도 구미시청,054-480-6137,
구미산동농공단지,(주)수본산업,054-464-4158,경상북도 구미시 산동읍 동곡3길 50,골판지 제조업 외 1 종,15,경상북도 구미시청,054-480-6137,
구미산동농공단지,(주)씨엠에이텍,054-471-7981,경상북도 구미시 산동읍 동곡3길 51 ((주)씨엠에이텍),혼성 및 재생 플라스틱 소재 물질 제조업,74,경상북도 구미시청,054-480-6137,
구미산동농공단지,(주)에이스인텍,054-471-3554,경상북도 구미시 산동읍 동곡3길 45,특수 직물 및 기타 직물 직조업 외 3 종,51,경상북도 구미시청,054-480-6137,
구미산동농공단지,(주)영진화섬,054-471-8567,경상북도 구미시 산동읍 동곡3길 21 (동성섬유(주)),연사 및 가공사 제조업,20,경상북도 구미시청,054-480-6137,
구미산동농공단지,(주)청호엔지니어링,054-473-3901,경상북도 구미시 산동읍 동곡3길 28,그 외 기타 금속가공업 외 1 종,3,경상북도 구미시청,054-480-6137,
구미산동농공단지,(주)케이이엠,054-473-9900,경상북도 구미시 산동읍 동곡3길 28,모터사이클 제조업,0,경상북도 구미시청,054-480-6137,
구미산동농공단지,거산산업,,경상북도 구미시 산동읍 동곡3길 38,"직물, 편조원단 및 의복류 염색 가공업 외 2 종",3,경상북도 구미시청,054-480-6137,
구미산동농공단지,대길포장산업(주),054-471-4924,경상북도 구미시 산동읍 동곡3길 42,골판지 제조업 외 1 종,0,경상북도 구미시청,054-480-6137,
구미산동농공단지,동진산업,054-463-9713,경상북도 구미시 산동읍 동곡3길 38,액체 여과기 제조업 외 5 종,49,경상북도 구미시청,054-480-6137,
구미산동농공단지,실버텍스(주),054-471-6826,경상북도 구미시 산동읍 동곡3길 39,특수사 및 코드직물 제조업 외 1 종,17,경상북도 구미시청,054-480-6137,
구미산동농공단지,엠코리아,054-476-1102,경상북도 구미시 산동읍 동곡3길 28,컴퓨터 모니터 제조업,6,경상북도 구미시청,054-480-6137,
구미산동농공단지,제원화섬(주)산동,054-471-9717,경상북도 구미시 산동읍 동곡3길 33,연사 및 가공사 제조업,2,경상북도 구미시청,054-480-6137,
구미산동농공단지,주식회사 에브리메디,,경상북도 구미시 산동읍 동곡3길 38,그 외 기타 의료용 기기 제조업,2,경상북도 구미시청,054-480-6137,
구미산동농공단지,풍림화섬(주),054-473-4390,경상북도 구미시 산동읍 동곡3길 39,연사 및 가공사 제조업,15,경상북도 구미시청,054-480-6137,
구미고아농공단지,(주)그린텍,054-482-7505,경상북도 구미시 고아읍 농공단지길 35-23,액체 펌프 제조업 외 5 종,70,경상북도 구미시청,054-480-6137,
구미고아농공단지,(주)그린팩,054-475-1380,경상북도 구미시 고아읍 농공단지길 54-12,골판지 제조업 외 1 종,8,경상북도 구미시청,054-480-6137,
구미고아농공단지,(주)기호산업,054-482-5118,경상북도 구미시 고아읍 농공단지길 54-7,구조용 금속 판제품 및 공작물 제조업 외 3 종,28,경상북도 구미시청,054-480-6137,
구미고아농공단지,(주)니온팀버,054-482-2007,경상북도 구미시 고아읍 농공단지길 35-23,일반 제재업 외 2 종,47,경상북도 구미시청,054-480-6137,
구미고아농공단지,(주)대화엔지니어링,054-482-4694,경상북도 구미시 고아읍 농공단지길 45 ((주)대화엔지니어링),반도체제조용기계제조업,9,경상북도 구미시청,054-480-6137,
구미고아농공단지,(주)드림팩,054-482-0295,경상북도 구미시 고아읍 농공단지길 35-23,골판지 제조업 외 1 종,43,경상북도 구미시청,054-480-6137,
구미고아농공단지,(주)뚝심푸드,054-482-7676,경상북도 구미시 고아읍 농공단지길 54-18,천연 및 혼합조제 조미료 제조업 외 4 종,6,경상북도 구미시청,054-480-6137,
구미고아농공단지,(주)라이트원,054-976-5326,경상북도 구미시 고아읍 농공단지길 54-7,배전반 및 전기 자동제어반 제조업 외 6 종,5,경상북도 구미시청,054-480-6137,
구미고아농공단지,(주)블라츠어소시에이츠,054-450-5608,경상북도 구미시 고아읍 농공단지길 54-18,일반용 전기 조명장치 제조업 외 2 종,4,경상북도 구미시청,054-480-6137,
구미고아농공단지,(주)선일,054-482-1526,"경상북도 구미시 고아읍 농공단지길 36-14, (주)선일 외 1필지",볼트 및 너트류 제조업 외 4 종,4,경상북도 구미시청,054-480-6137,
구미고아농공단지,(주)신영정밀,054-482-0595,경상북도 구미시 고아읍 농공단지길 35-32 ((주)신영정밀),"방송수신기및기타영상,음향기기제조업",4,경상북도 구미시청,054-480-6137,
구미고아농공단지,(주)아스트로마,053-359-3450,경상북도 구미시 고아읍 농공단지길 36-29,기체 여과기 제조업,10,경상북도 구미시청,054-480-6137,
구미고아농공단지,(주)에코플럭스,054-714-1911,경상북도 구미시 고아읍 농공단지길 45,일반용 전기 조명장치 제조업,36,경상북도 구미시청,054-480-6137,
구미고아농공단지,(주)예일테크,054-473-9530,경상북도 구미시 고아읍 농공단지길 36-3,그 외 금속 압형제품 제조업 외 3 종,0,경상북도 구미시청,054-480-6137,
구미고아농공단지,(주)유비젼,054-461-1611,경상북도 구미시 고아읍 농공단지길 35-27,일반용 전기 조명장치 제조업 외 2 종,22,경상북도 구미시청,054-480-6137,
구미고아농공단지,(주)이에스티,054-482-1550,경상북도 구미시 고아읍 농공단지길 35-9,그 외 금속 압형제품 제조업,2,경상북도 구미시청,054-480-6137,
구미고아농공단지,(주)진성이엔씨,054-455-2467,경상북도 구미시 고아읍 농공단지길 46,액체 여과기 제조업,25,경상북도 구미시청,054-480-6137,
구미고아농공단지,(주)진영이엔지,053-593-5326,"경상북도 구미시 고아읍 농공단지길 54-7, 가동",배전반 및 전기 자동제어반 제조업 외 2 종,23,경상북도 구미시청,054-480-6137,
구미고아농공단지,(주)청우 F2,,경상북도 구미시 고아읍 농공단지길 54-3,천연 및 혼합조제 조미료 제조업 외 1 종,53,경상북도 구미시청,054-480-6137,
구미고아농공단지,(주)카라,054-482-4084,경상북도 구미시 고아읍 농공단지길 36-29,디스플레이 장치용 유리 제조업 외 2 종,40,경상북도 구미시청,054-480-6137,
구미고아농공단지,(주)탑엔지니어링,054-480-0478,경상북도 구미시 고아읍 농공단지길 53-17,산업처리공정 제어장비 제조업,4,경상북도 구미시청,054-480-6137,
구미고아농공단지,(주)탑엔지니어링2공장,054-482-0342,경상북도 구미시 고아읍 오로리 60-1번지,산업처리공정 제어장비 제조업,6,경상북도 구미시청,054-480-6137,
구미고아농공단지,(주)탑엔지니어링3공장,054-482-0342,경상북도 구미시 고아읍 농공단지길 45,산업처리공정 제어장비 제조업,20,경상북도 구미시청,054-480-6137,
구미고아농공단지,(주)티에스이,054-482-1550,경상북도 구미시 고아읍 농공단지길 27,자동차용 금속 압형제품 제조업 외 1 종,3,경상북도 구미시청,054-480-6137,
구미고아농공단지,(주)티에스이 2공장,054-482-1550,경상북도 구미시 고아읍 농공단지길 35-9,자동차용 금속 압형제품 제조업 외 1 종,3,경상북도 구미시청,054-480-6137,
구미고아농공단지,(주)한스고산,054-482-4885,경상북도 구미시 고아읍 농공단지길 54-13,플라스틱 필름 제조업 외 1 종,49,경상북도 구미시청,054-480-6137,
구미고아농공단지,거봉산업,054-482-6608,경상북도 구미시 고아읍 농공단지길 47 (유니온산업),금속 표시판 제조업 외 5 종,17,경상북도 구미시청,054-480-6137,
구미고아농공단지,경림,,경상북도 구미시 산동읍 동곡3길 34,기타 부동산 임대업,6,경상북도 구미시청,054-480-6137,
구미고아농공단지,경흥전자,,경상북도 구미시 고아읍 농공단지길 54-7,그 외 기타 전자부품 제조업 외 1 종,2,경상북도 구미시청,054-480-6137,
구미고아농공단지,구애타포린,,경상북도 구미시 고아읍 농공단지길 36-12,"천막, 텐트 및 유사 제품 제조업",2,경상북도 구미시청,054-480-6137,
구미고아농공단지,농업회사법인 구미협동식품(합),054-481-7011,경상북도 구미시 고아읍 농공단지길 36-22 (구미협동식품),김치류 제조업 외 1 종,15,경상북도 구미시청,054-480-6137,
구미고아농공단지,대수정밀,054-482-6491,경상북도 구미시 고아읍 농공단지길 35-57,주형 및 금형 제조업,70,경상북도 구미시청,054-480-6137,
구미고아농공단지,대영산전,054-461-8601,경상북도 구미시 고아읍 농공단지길 35-27,배전반 및 전기 자동제어반 제조업 외 3 종,7,경상북도 구미시청,054-480-6137,
구미고아농공단지,대한디자인센타,054-482-4664,경상북도 구미시 고아읍 농공단지길 35-27,간판 및 광고물 제조업,8,경상북도 구미시청,054-480-6137,
구미고아농공단지,로드시스템,054-481-8277,경상북도 구미시 고아읍 농공단지길 35-23,합성수지 및 기타 플라스틱 물질 제조업,28,경상북도 구미시청,054-480-6137,
구미고아농공단지,성선기업,054-481-2747,경상북도 구미시 고아읍 농공단지길 35-27,컨베이어장치 제조업 외 9 종,47,경상북도 구미시청,054-480-6137,
구미고아농공단지,신성전자정밀(주),054-482-5511,경상북도 구미시 고아읍 농공단지길 35-31,컴퓨터입·출력장치및기타주변기기제조업,9,경상북도 구미시청,054-480-6137,
구미고아농공단지,엠에스엔텍(주),054-482-0701,경상북도 구미시 고아읍 농공단지길 54-7,액체 여과기 제조업 외 4 종,5,경상북도 구미시청,054-480-6137,
구미고아농공단지,예일산업,054-471-9520,경상북도 구미시 고아읍 농공단지길 36-3,그 외 금속 압형제품 제조업 외 3 종,4,경상북도 구미시청,054-480-6137,
구미고아농공단지,예일산업(주),054-482-6760,경상북도 구미시 고아읍 농공단지길 36-17,자동차용 금속 압형제품 제조업 외 4 종,4,경상북도 구미시청,054-480-6137,
구미고아농공단지,유니온산업(주),054-482-6107,경상북도 구미시 고아읍 농공단지길 47 (유니온산업),놀이터용 장비 제조업 외 6 종,4,경상북도 구미시청,054-480-6137,
구미고아농공단지,일월정밀 주식회사,054-444-1793,경상북도 구미시 고아읍 농공단지길 35-28,"기타 측정, 시험, 항해, 제어 및 정밀기기 제조업 외 1 종",21,경상북도 구미시청,054-480-6137,
구미고아농공단지,정석엔지니어링(주),053-327-2302,경상북도 구미시 고아읍 농공단지길 36-12,하수 처리업,22,경상북도 구미시청,054-480-6137,
구미고아농공단지,주성테크,054-481-7727,경상북도 구미시 고아읍 농공단지길 35-57,기타 음향기기 제조업,2,경상북도 구미시청,054-480-6137,
구미고아농공단지,주식회사 대림이엔지,054-482-6040,경상북도 구미시 고아읍 농공단지길 54-7,액체 여과기 제조업 외 3 종,25,경상북도 구미시청,054-480-6137,
구미고아농공단지,주식회사 동하이엔지,054-482-8208,경상북도 구미시 고아읍 농공단지길 36-12,컨베이어장치 제조업 외 3 종,225,경상북도 구미시청,054-480-6137,
구미고아농공단지,주식회사 세정이엔티 경북공장,070-4225-4821,경상북도 구미시 고아읍 농공단지길 35-23,구조용 금속 판제품 및 공작물 제조업,53,경상북도 구미시청,054-480-6137,
구미고아농공단지,주식회사 은성피앤피,054-463-6530,경상북도 구미시 고아읍 농공단지길 36-29,골판지 제조업 외 1 종,40,경상북도 구미시청,054-480-6137,
구미고아농공단지,주식회사 청우식품,054-481-8101,경상북도 구미시 고아읍 농공단지길 54-3,천연 및 혼합조제 조미료 제조업 외 2 종,4,경상북도 구미시청,054-480-6137,
구미고아농공단지,주식회사 청우식품 제2공장,,,천연 및 혼합조제 조미료 제조업 외 1 종,6,경상북도 구미시청,054-480-6137,
구미고아농공단지,진명사,054-482-1120,경상북도 구미시 고아읍 농공단지길 35-25,폴리스티렌 발포 성형제품 제조업 외 1 종,42,경상북도 구미시청,054-480-6137,
구미고아농공단지,진영기산,,경상북도 구미시 고아읍 농공단지길 54-7,액체 펌프 제조업,12,경상북도 구미시청,054-480-6137,
구미고아농공단지,코비스전자(주),054-482-7278,경상북도 구미시 고아읍 농공단지길 53-10,그 외 기타 전자부품 제조업 외 1 종,15,경상북도 구미시청,054-480-6137,
구미고아농공단지,킴스비(주),054-461-0162,경상북도 구미시 고아읍 농공단지길 53-10,텔레비전 제조업,13,경상북도 구미시청,054-480-6137,
구미고아농공단지,태성하이테크,054-482-1550,경상북도 구미시 고아읍 농공단지길 28,배전반 및 전기 자동제어반 제조업,120,경상북도 구미시청,054-480-6137,
구미고아농공단지,태성하이테크2공장,054-482-1550,경상북도 구미시 고아읍 농공단지길 35-22 (태성하이테크2공장),자동차용 금속 압형제품 제조업 외 1 종,43,경상북도 구미시청,054-480-6137,
구미고아농공단지,한성크린텍(주),070-8708-6400,경상북도 구미시 고아읍 농공단지길 46,액체 여과기 제조업,48,경상북도 구미시청,054-480-6137,
구미고아농공단지,현대컴퓨터(주),070-7816-6360,경상북도 구미시 고아읍 농공단지길 35-32,컴퓨터 제조업 외 1 종,35,경상북도 구미시청,054-480-6137,
개별입지,(주)D.N.F전자,054-461-3391,경상북도 구미시 비산로5길 27 (비산동),"전자코일, 변성기 및 기타 전자 유도자 제조업",42,경상북도 구미시청,054-480-5302,
개별입지,(주)GMT,054-453-0111,경상북도 구미시 광평동 439번지,방송장비 제조업 외 1 종,12,경상북도 구미시청,054-480-5302,
개별입지,(주)거광산업,054-471-7146,경상북도 구미시 해평면 강동로 2533,금속선 가공제품 제조업 외 6 종,13,경상북도 구미시청,054-480-5302,
개별입지,(주)거송,053-562-8197,"경상북도 구미시 송동로 73, 112호.122호 (도량동)",비디오 및 기타 영상기기 제조업 외 16 종,4,경상북도 구미시청,054-480-5302,
개별입지,(주)거우엔지니어링,054-464-4324,경상북도 구미시 비산로3길 9 (비산동),전자 응용 절삭기계 제조업,15,경상북도 구미시청,054-480-5302,
개별입지,(주)경신산업,,경상북도 구미시 장천면 하장3길 113-17,자동차용 금속 압형제품 제조업 외 1 종,13,경상북도 구미시청,054-480-5302,
개별입지,(주)광진텔레콤,054-465-9600,"경상북도 구미시 상사동로28길 18, 프린스빌딩 (사곡동)",기타 무선 통신장비 제조업,35,경상북도 구미시청,054-480-5302,
개별입지,(주)구구창호,054-482-2827,경상북도 구미시 고아읍 선산대로 707,판유리 제조업,7,경상북도 구미시청,054-480-5302,
개별입지,(주)그린레미콘,054-482-0166,경상북도 구미시 옥성면 산촌옥관로 20 (그린레미콘) 외 2필지,레미콘 제조업,8,경상북도 구미시청,054-480-5302,
개별입지,(주)근화,054-453-7413,경상북도 구미시 산동읍 봉산리 산 26-6번지,자동차용 금속 압형제품 제조업 외 1 종,10,경상북도 구미시청,054-480-5302,
개별입지,(주)글로벌블루비젼,070-8827-8054,경상북도 구미시 산동읍 강동로 1148,산업용 난방보일러 및 방열기 제조업,16,경상북도 구미시청,054-480-5302,
개별입지,(주)기호산업 구미1공장,054-482-5117,경상북도 구미시 선산읍 유학길 150-8,구조용 금속 판제품 및 공작물 제조업 외 3 종,7,경상북도 구미시청,054-480-5302,
개별입지,(주)남성사,054-462-1684,경상북도 구미시 신비로 157 (비산동),그외기타전자부품제조업,32,경상북도 구미시청,054-480-5302,
개별입지,(주)남전산업,054-476-1993,경상북도 구미시 해평면 강동로 1302-67,연사 및 가공사 제조업 외 1 종,18,경상북도 구미시청,054-480-5302,
개별입지,(주)넥스컴,054-458-6557,경상북도 구미시 송원서로2길 3 (원평동),산업처리공정 제어장비 제조업,4,경상북도 구미시청,054-480-5302,
개별입지,(주)누리,054-451-4079,경상북도 구미시 오태길 100-72 (오태동),"금속 문, 창, 셔터 및 관련제품 제조업",3,경상북도 구미시청,054-480-5302,
개별입지,(주)다드림,,경상북도 구미시 비산로5안길 5-58 (비산동),그 외 기타 플라스틱 제품 제조업 외 3 종,2,경상북도 구미시청,054-480-5302,
개별입지,(주)다윈,054-454-5800,"경상북도 구미시 형곡서로 11-3, 3층 (형곡동)",방송장비 제조업 외 3 종,5,경상북도 구미시청,054-480-5302,
개별입지,(주)다진시스템,054-450-1234,경상북도 구미시 신시로7길 20-1 (형곡동),산업용 로봇 제조업,26,경상북도 구미시청,054-480-5302,
개별입지,(주)닥터카본온열메디컬,054-464-9669,경상북도 구미시 지주중류4길 15-26 (오태동),전기용 탄소제품 및 절연제품 제조업,2,경상북도 구미시청,054-480-5302,
개별입지,(주)단텍,054-714-1401,경상북도 구미시 장천면 학신로 272-5,디스플레이 제조용 기계 제조업,15,경상북도 구미시청,054-480-5302,
개별입지,(주)달성레미콘,054-443-5000,경상북도 구미시 고아읍 원대로 292,레미콘 제조업,12,경상북도 구미시청,054-480-5302,
개별입지,(주)대경테크노,054-456-7164,경상북도 구미시 고아읍 선산대로 739,그외기타전자부품제조업,10,경상북도 구미시청,054-480-5302,
개별입지,(주)대마,054-471-6944,경상북도 구미시 장천면 하장2길 260 (대마실업),비금속류 해체 및 선별업 외 1 종,12,경상북도 구미시청,054-480-5302,
개별입지,(주)대명테크,054-465-1697,경상북도 구미시 비산동 82-6번지,기타 가공 공작기계 제조업 외 23 종,24,경상북도 구미시청,054-480-5302,
개별입지,(주)대성산업,054-482-8117,경상북도 구미시 고아읍 원대로13길 80,기타 기계.장비 조립용 플라스틱 제품 제조업,4,경상북도 구미시청,054-480-5302,
개별입지,(주)대성시스템,054-482-8156,경상북도 구미시 고아읍 파산2길 11,디스플레이 제조용 기계 제조업,6,경상북도 구미시청,054-480-5302,
개별입지,(주)대성플랜트건설,054-461-0607,경상북도 구미시 신비로 153-17 (비산동),기타 가공 공작기계 제조업,8,경상북도 구미시청,054-480-5302,
개별입지,(주)대원에프에이,054-463-8111,경상북도 구미시 광평길 49 (광평동),반도체제조용기계제조업,13,경상북도 구미시청,054-480-5302,
개별입지,(주)대원에프엔씨,054-476-8111,경상북도 구미시 장천면 장천상림3길 57-6 ((주)대원에프엔씨),액정 표시장치 제조업 외 6 종,20,경상북도 구미시청,054-480-5302,
개별입지,(주)대평산업개발,054-471-4702,경상북도 구미시 산동읍 성림길 26 ((주)대평산업개발) 외 1필지,아스팔트 콘크리트 및 혼합제품 제조업,12,경상북도 구미시청,054-480-5302,
개별입지,(주)대한중전기,054-476-2034,경상북도 구미시 해평면 괴곡3길 81,전동기 및 발전기 제조업,11,경상북도 구미시청,054-480-5302,
개별입지,(주)동양전자화학,054-461-3497,경상북도 구미시 1공단로4길 172 (임은동),계면활성제 제조업,21,경상북도 구미시청,054-480-5302,
개별입지,(주)동진정보통신,054-458-5840,경상북도 구미시 형곡로 166 (형곡동),그외기타전자부품제조업,50,경상북도 구미시청,054-480-5302,
개별입지,(주)동진정보통신,054-458-5840,경상북도 구미시 형곡동로 40 (형곡동),그외기타전자부품제조업,50,경상북도 구미시청,054-480-5302,
개별입지,(주)동평기술,054-475-1205,"경상북도 구미시 대학로 61, 금오공과대학교 벤처창업관 409, 409-1호 (양호동)",방송장비 제조업 외 11 종,8,경상북도 구미시청,054-480-5302,
개별입지,(주)두남라이팅,054-465-0400,"경상북도 구미시 오태3길 83 (오태동, 오태동 493-12 제2종근린생활시설 (보성ENG)",일반용 전기 조명장치 제조업,1,경상북도 구미시청,054-480-5302,
개별입지,(주)드론포그농업회사법인,,"경상북도 구미시 산동읍 인덕1길 131, 경운대학교 창업보육센터 309호",무인 항공기 및 무인 비행장치 제조업,1,경상북도 구미시청,054-480-5302,
개별입지,(주)디노시스,054-462-2818,"경상북도 구미시 구미대로 350-27, IT의료융합기술센터 시험연구동 B408호 (신평동)","전자기 측정, 시험 및 분석기구 제조업",3,경상북도 구미시청,054-480-5302,
개별입지,(주)디에스이노텍,054-460-0306,"경상북도 구미시 왕산로 71-11 (임은동, 임은동 159-2 제2종근린생활시설)",구조용 금속 판제품 및 공작물 제조업 외 2 종,4,경상북도 구미시청,054-480-5302,
개별입지,(주)레이텍,054-471-4660,"경상북도 구미시 대학로 61, 301호(금오공과대학교 벤처창업관) (양호동)",방사선 장치 제조업 외 2 종,4,경상북도 구미시청,054-480-5302,
개별입지,(주)루샘,054-714-3518,"경상북도 구미시 구미대로 350-27, IT의료융합기술센터 1층 (신평동)",방사선 장치 제조업,5,경상북도 구미시청,054-480-5302,
개별입지,(주)리버유토피아,054-482-7411,경상북도 구미시 고아읍 파산3길 31-6,건설용 석제품 제조업 외 5 종,4,경상북도 구미시청,054-480-5302,
개별입지,(주)리사이클 그린,054-472-7356,경상북도 구미시 장천면 학신로 241-14,비금속류 해체 및 선별업 외 1 종,4,경상북도 구미시청,054-480-5302,
개별입지,(주)리엔캄파니,054-474-3766,경상북도 구미시 해평면 강동로 1638-14,운송장비 조립용 플라스틱제품 제조업 외 1 종,24,경상북도 구미시청,054-480-5302,
개별입지,(주)리텍컴퍼니,054-464-1710,경상북도 구미시 구미대로 280-13 (광평동),기타 주변기기 제조업,10,경상북도 구미시청,054-480-5302,
개별입지,(주)맨엔텔,054-444-2377,경상북도 구미시 산업로 258 (원평동),기타 무선 통신장비 제조업 외 1 종,18,경상북도 구미시청,054-480-5302,
개별입지,(주)메디바이스,054-474-6901,"경상북도 구미시 대학로 61, 금오공과대학교 벤처창업관 410호 (양호동)",그 외 기타 의료용 기기 제조업,5,경상북도 구미시청,054-480-5302,
개별입지,(주)명성기업,054-455-3891,경상북도 구미시 해평면 강동로 1594-40,"방송수신기및기타영상,음향기기제조업",20,경상북도 구미시청,054-480-5302,
개별입지,(주)모비프렌,054-474-2220,경상북도 구미시 인동52길 88 (구평동),기타 음향기기 제조업,8,경상북도 구미시청,054-480-5302,
개별입지,(주)미래기술,054-456-2238,경상북도 구미시 고아읍 송평로1길 50,"전자기 측정, 시험 및 분석기구 제조업",10,경상북도 구미시청,054-480-5302,
개별입지,(주)미래엔지니어링,054-470-7392,경상북도 구미시 장천면 학신로 173 ((주)미래엔지니어링공장) (총 3 필지) 외 2필지,절삭가공 및 유사처리업,15,경상북도 구미시청,054-480-5302,
개별입지,(주)민성테크,054-472-6671,경상북도 구미시 장천면 신장2길 60 (장천면),액체 펌프 제조업 외 1 종,6,경상북도 구미시청,054-480-5302,
개별입지,(주)믿음을주는나무,054-481-2822,경상북도 구미시 고아읍 파산2길 56,"플라스틱 포대, 봉투 및 유사제품 제조업",25,경상북도 구미시청,054-480-5302,
개별입지,(주)바로시스템,054-451-3574,경상북도 구미시 형곡로 136 (형곡동),"방송수신기및기타영상,음향기기제조업",5,경상북도 구미시청,054-480-5302,
개별입지,(주)박전자,054-482-0480,경상북도 구미시 고아읍 오로6길 36,"전기회로 개폐, 보호장치 제조업 외 1 종",53,경상북도 구미시청,054-480-5302,
개별입지,(주)백광오토테크,054-463-3055,경상북도 구미시 장천면 하장2길 274-13,운송장비 조립용 플라스틱제품 제조업 외 1 종,6,경상북도 구미시청,054-480-5302,
개별입지,(주)백광환경,054-461-9866,경상북도 구미시 고아읍 농공단지길 54-3,분사기 및 소화기 제조업,18,경상북도 구미시청,054-480-5302,
개별입지,(주)백산ENG,054-464-4045,경상북도 구미시 장천면 상장리 2-1번지,그 외 기타 금속가공업 외 1 종,4,경상북도 구미시청,054-480-5302,
개별입지,(주)백천,054-443-4196,"경상북도 구미시 봉곡로5길 10 (봉곡동, 백천전자)",이동전화기 제조업,230,경상북도 구미시청,054-480-5302,
개별입지,(주)보광코리아,054-600-2500,"경상북도 구미시 산동읍 인덕1길 131, 경운대학교 창업보육센터 407호",화장품 제조업,3,경상북도 구미시청,054-480-5302,
개별입지,(주)보림개발,054-471-1840,경상북도 구미시 도개면 도안로 462 ((주)보림개발),비금속광물 분쇄물 생산업,8,경상북도 구미시청,054-480-5302,
개별입지,(주)보원,054-461-4219,경상북도 구미시 비산로7길 14-3 (비산동),"방송수신기및기타영상,음향기기제조업",7,경상북도 구미시청,054-480-5302,
개별입지,(주)부원에코베라,054-473-9512,경상북도 구미시 장천면 하장2길 274-25 ((주)부원),설치용 및 위생용 플라스틱제품 제조업 외 8 종,12,경상북도 구미시청,054-480-5302,
개별입지,(주)붕천타스코,054-473-8127,경상북도 구미시 산동읍 성수4길 54,"물질 검사, 측정 및 분석기구 제조업 외 1 종",5,경상북도 구미시청,054-480-5302,
개별입지,(주)비엠지,054-479-1146,"경상북도 구미시 산동읍 인덕1길 131, 208호(경운대학교 창업보육센터)",전자부품 실장기판 제조업,5,경상북도 구미시청,054-480-5302,
개별입지,(주)비티엘,054-462-9934,경상북도 구미시 비산로7길 14-16 (비산동),컴퓨터 모니터 제조업,6,경상북도 구미시청,054-480-5302,
개별입지,(주)삼보,054-465-0032,경상북도 구미시 오태8길 16 (오태동),그외기타분류안된특수목적용기계제조업,9,경상북도 구미시청,054-480-5302,
개별입지,(주)삼우목재,054-451-0424,경상북도 구미시 해평면 강동로 2533,기타 건축용 나무제품 제조업 외 1 종,25,경상북도 구미시청,054-480-5302,
개별입지,(주)삼우테크,054-471-4211,경상북도 구미시 해평면 강동로 1794 외 1필지,운송장비 조립용 플라스틱제품 제조업 외 1 종,24,경상북도 구미시청,054-480-5302,
개별입지,(주)삼진정밀,054-471-4181,경상북도 구미시 산동읍 신당리 194-1번지 외 1필지,운송장비 조립용 플라스틱제품 제조업 외 2 종,15,경상북도 구미시청,054-480-5302,
개별입지,(주)삼화하이테크,054-463-7715,경상북도 구미시 비산로3길 14-10 (비산동),주형 및 금형 제조업,26,경상북도 구미시청,054-480-5302,
개별입지,(주)서통 LB TECH,054-471-4090,경상북도 구미시 산동읍 적림2길 34,축전지 제조업,5,경상북도 구미시청,054-480-5302,
개별입지,(주)서현에너지,054-471-8662,경상북도 구미시 도개면 신림도개길 96,기타 구조용 금속제품 제조업 외 1 종,4,경상북도 구미시청,054-480-5302,
개별입지,(주)선경산업,054-474-5120,경상북도 구미시 장천면 장천로 481 (총 2 필지) 외 1필지,운송장비 조립용 플라스틱제품 제조업 외 1 종,6,경상북도 구미시청,054-480-5302,
개별입지,(주)선주산업,054-482-5318,경상북도 구미시 선산읍 죽장6길 5,기타 구조용 금속제품 제조업,7,경상북도 구미시청,054-480-5302,
개별입지,(주)성림오토텍,054-481-4881,경상북도 구미시 선산읍 포상12길 44,"금속 문, 창, 셔터 및 관련제품 제조업",6,경상북도 구미시청,054-480-5302,
개별입지,(주)성암판넬,054-481-1703,경상북도 구미시 무을면 상무로 947-13,운송장비 조립용 플라스틱제품 제조업 외 1 종,22,경상북도 구미시청,054-480-5302,
개별입지,(주)성은종합정비,054-464-0061,경상북도 구미시 비산로 71-2 (비산동),건설 및 채광용 기계장비 제조업,16,경상북도 구미시청,054-480-5302,
개별입지,(주)성지전자,054-482-0350,경상북도 구미시 고아읍 원대로 338 (총 4 필지) 외 3필지,그 외 기타 전자부품 제조업 외 1 종,130,경상북도 구미시청,054-480-5302,
개별입지,(주)성화수출포장,054-475-2242,경상북도 구미시 장천면 신장2길 54-7,"목재 포장용 상자, 드럼 및 유사용기 제조업 외 1 종",17,경상북도 구미시청,054-480-5302,
개별입지,(주)세계전자,054-476-1856,"경상북도 구미시 산동읍 인덕1길 131, 경운대학교 창업보육센터 103",그 외 기타 특수목적용 기계 제조업 외 1 종,5,경상북도 구미시청,054-480-5302,
개별입지,(주)세광산업,054-473-0613,경상북도 구미시 도개면 용산가산길 397-23 (총 2 필지) 외 1필지,표면 가공 목재 및 특정 목적용 제재목 제조업,31,경상북도 구미시청,054-480-5302,
개별입지,(주)세일,054-456-6660,경상북도 구미시 송동로 42-61 (도량동),그 외 기타 특수목적용 기계 제조업,7,경상북도 구미시청,054-480-5302,
개별입지,(주)솔텍전자,054-453-4555,경상북도 구미시 선기로3길 23 (남통동),가정용전열기기제조업,11,경상북도 구미시청,054-480-5302,
개별입지,(주)쉘라인구미2공장,054-476-8511,경상북도 구미시 인동가산로 461 (신동),방송및무선통신기기제조업,32,경상북도 구미시청,054-480-5302,
개별입지,(주)스카이엔터프라이즈,053-634-7010,경상북도 구미시 산동읍 인덕1길 131,무인 항공기 및 무인 비행장치 제조업,4,경상북도 구미시청,054-480-5302,
개별입지,(주)스페샬 화인,051-557-0666,경상북도 구미시 오태8길 28 (오태동),"금속 문, 창, 셔터 및 관련제품 제조업",5,경상북도 구미시청,054-480-5302,
개별입지,(주)스페샬화인 2공장,054-464-1641,"경상북도 구미시 오태3길 82-7, 오태동 485-2(오태동)","금속 문, 창, 셔터 및 관련제품 제조업",10,경상북도 구미시청,054-480-5302,
개별입지,(주)신아테크,054-472-1984,경상북도 구미시 산동읍 임천인덕로 260,그외기타전자부품제조업,15,경상북도 구미시청,054-480-5302,
개별입지,(주)신풍엔시에스,054-971-6026,"경상북도 구미시 산동읍 인덕1길 131, 102호, 경운대학교 창업보육센터",복합비료 및 기타 화학비료 제조업 외 4 종,2,경상북도 구미시청,054-480-5302,
개별입지,(주)신화,054-461-5997,경상북도 구미시 비산로1길 46 (비산동) 외 1필지,"방송수신기및기타영상,음향기기제조업",65,경상북도 구미시청,054-480-5302,
개별입지,(주)신화케이블,054-482-6092,경상북도 구미시 야은로7길 14-21 (부곡동),전기회로 접속장치 제조업,13,경상북도 구미시청,054-480-5302,
개별입지,(주)신흥종합포장,054-475-1887,경상북도 구미시 괴곡3길 87 (해평면),"목재 포장용 상자, 드럼 및 유사용기 제조업",20,경상북도 구미시청,054-480-5302,
개별입지,(주)썬테크,054-472-3683,경상북도 구미시 산동읍 신당리 602번지,반도체제조용기계제조업,7,경상북도 구미시청,054-480-5302,
개별입지,(주)씨.티.아이,,경상북도 구미시 형곡로5길 12-6 (형곡동),,12,경상북도 구미시청,054-480-5302,
개별입지,(주)씨엘코어,054-453-5990,"경상북도 구미시 구미대로 350-27, 경북산학융합지구 구미기업관 506,507,509,510,411호 (신평동)",컴퓨터 제조업,8,경상북도 구미시청,054-480-5302,
개별입지,(주)아워홈,054-479-1542,경상북도 구미시 장천면 장군로 339-4 ((주)아워홈구미식재가공센터),장류 제조업 외 1 종,80,경상북도 구미시청,054-480-5302,
개별입지,(주)아트인,054-472-9948,경상북도 구미시 수출대로 538 (인의동),간판 및 광고물 제조업,14,경상북도 구미시청,054-480-5302,
개별입지,(주)애드밴엘이디,054-442-5744,경상북도 구미시 고아읍 문장로23길 4,일반용 전기 조명장치 제조업,5,경상북도 구미시청,054-480-5302,
개별입지,(주)앤앤에이치,054-465-1780,경상북도 구미시 오태8길 51-12 (오태동),기기용 자동측정 및 제어장치 제조업,3,경상북도 구미시청,054-480-5302,
개별입지,(주)에버그린,,경상북도 구미시 장천면 상림리 28번지 외 7필지,비금속류 해체 및 선별업 외 1 종,7,경상북도 구미시청,054-480-5302,
개별입지,(주)에스엔씨,054-474-1654,경상북도 구미시 산동읍 적림3길 116,볼트 및 너트류 제조업 외 4 종,4,경상북도 구미시청,054-480-5302,
개별입지,(주)에스엔지,054-471-7102,"경상북도 구미시 인동21길 22-11, 2층,3층 (인의동, SHELL-LINE사옥)",이동전화기 제조업,38,경상북도 구미시청,054-480-5302,
개별입지,(주)에스엠디피,,경상북도 구미시 비산로 107-11 (비산동),도금업,6,경상북도 구미시청,054-480-5302,
개별입지,(주)에스엠씨,054-476-3930,경상북도 구미시 해평면 성수문량길 544-68,모터사이클 제조업,4,경상북도 구미시청,054-480-5302,
개별입지,(주)에스엠전자,054-443-1608,경상북도 구미시 고아읍 선산대로 684-4 ((주)K.I.C),전자부품 실장기판 제조업,16,경상북도 구미시청,054-480-5302,
개별입지,(주)에시엔,054-473-0508,경상북도 구미시 장천면 신장2길 66,부직포 및 펠트 제조업,8,경상북도 구미시청,054-480-5302,
개별입지,(주)에어컨구미총판,054-457-0400,경상북도 구미시 박정희로 409 (송정동),공기 조화장치 제조업,10,경상북도 구미시청,054-480-5302,
개별입지,(주)에이씨에스,054-472-2058,경상북도 구미시 3공단1로 289-28 (임수동),배전반 및 전기 자동제어반 제조업 외 2 종,10,경상북도 구미시청,054-480-5302,
개별입지,(주)에이원텍,054-462-6145,경상북도 구미시 지주중류4길 5-4 (오태동),"기타 측정, 시험, 항해, 제어 및 정밀기기 제조업",6,경상북도 구미시청,054-480-5302,
개별입지,(주)에이티엠코리아,054-476-0878,"경상북도 구미시 대학로 61, 창업진흥센터 이오스관 118호, 221호 (양호동)",디스플레이 제조용 기계 제조업 외 2 종,7,경상북도 구미시청,054-480-5302,
개별입지,(주)에코리더,054-533-4963,경상북도 구미시 해평면 산양리 66-2 번지,코르크 및 조물제품 제조업 외 1 종,4,경상북도 구미시청,054-480-5302,
개별입지,(주)에프앤씨,,경상북도 구미시 산동읍 임천리 217번지 외 2필지,그 외 기타 1차 철강 제조업,7,경상북도 구미시청,054-480-5302,
개별입지,(주)엔씨에스,054-462-5456,"경상북도 구미시 비산로 115-22 (비산동, 이화엔지니어링)",반도체 제조용 기계 제조업,8,경상북도 구미시청,054-480-5302,
개별입지,(주)엔에스티,054-464-6654,경상북도 구미시 오태8길 51-10 (오태동),자동차용 신품 동력전달장치 제조업,11,경상북도 구미시청,054-480-5302,
개별입지,(주)엔플라,054-473-1468,"경상북도 구미시 대학로 61, 금오공대 이오스관 119호 (양호동)",그 외 기타 특수목적용 기계 제조업 외 1 종,8,경상북도 구미시청,054-480-5302,
개별입지,(주)오성에코레이,054-475-0097,경상북도 구미시 금전동 835-1번지,전시 및 광고용 조명장치 제조업 외 1 종,27,경상북도 구미시청,054-480-5302,
개별입지,(주)오성티에스엘,054-482-8833,경상북도 구미시 고아읍 원대로21안길 13-5,그 외 기타 전자부품 제조업 외 1 종,12,경상북도 구미시청,054-480-5302,
개별입지,(주)오일전자통신,054-482-5788,경상북도 구미시 고아읍 포아로 980-14 외 2필지,이동전화기 제조업,131,경상북도 구미시청,054-480-5302,
개별입지,(주)오일정밀,054-481-2345,경상북도 구미시 선산읍 선산중앙로9길 4,컴퓨터입·출력장치및기타주변기기제조업,68,경상북도 구미시청,054-480-5302,
개별입지,(주)온유미네랄,054-472-2217,경상북도 구미시 해평면 성수문량길 544-68,생물 살균.살충제 및 식물보호제 제조업,4,경상북도 구미시청,054-480-5302,
개별입지,(주)온페이스에스디씨 제1공장,054-482-6399,경상북도 구미시 선산읍 조남로 89 (총 2 필지),그 외 기타 전자부품 제조업 외 6 종,40,경상북도 구미시청,054-480-5302,
개별입지,(주)용우,054-472-5603,"경상북도 구미시 산동읍 인덕1길 131, 202호(경운대학교 창업보육센터)",끈 및 로프 제조업 외 1 종,2,경상북도 구미시청,054-480-5302,
개별입지,(주)우성산업개발,4825200,경상북도 구미시 옥성면 산촌옥관로 8 (그린아스콘),암면 및 유사제품 제조업 외 1 종,12,경상북도 구미시청,054-480-5302,
개별입지,(주)울트라보드,054-475-3344,경상북도 구미시 장천면 하장2길 274-19 (울트라보드),기타 기초 무기 화학물질 제조업 외 1 종,8,경상북도 구미시청,054-480-5302,
개별입지,(주)원바이오젠,054-478-7965,"경상북도 구미시 대학로 61, 금오공과대학교 이오스관 118호 (양호동)",의료용품 및 기타 의약 관련제품 제조업,12,경상북도 구미시청,054-480-5302,
개별입지,(주)원플라콘,053-854-2110,"경상북도 구미시 비산로5안길 5-4, 1층 (비산동)",주형 및 금형 제조업,2,경상북도 구미시청,054-480-5302,
개별입지,(주)월덱스 고아공장,054-456-9980,경상북도 구미시 고아읍 항곡7길 42 외 1필지,발광 다이오드 제조업 외 3 종,40,경상북도 구미시청,054-480-5302,
개별입지,(주)월드,054-464-5211,경상북도 구미시 신비로 123-17 (비산동),기타 음향기기 제조업,37,경상북도 구미시청,054-480-5302,
개별입지,(주)월드탑이엔지,,경상북도 구미시 장천면 학신로 185,구조용 금속 판제품 및 공작물 제조업 외 5 종,6,경상북도 구미시청,054-480-5302,
개별입지,(주)월드테크노스,054-481-7551,경상북도 구미시 선산읍 북산3길 48,무기 및 총포탄 제조업 외 24 종,15,경상북도 구미시청,054-480-5302,
개별입지,(주)유비젼,054-461-1611,경상북도 구미시 인동가산로 384-36 (구평동),전시 및 광고용 조명장치 제조업 외 3 종,16,경상북도 구미시청,054-480-5302,
개별입지,(주)유엔티엔지니어링,054-474-7704,경상북도 구미시 인동가산로 384-23 (구평동),"산업용 오븐, 노 및 노용 버너 제조업 외 3 종",5,경상북도 구미시청,054-480-5302,
개별입지,(주)유토시스,054-473-8122,경상북도 구미시 해평면 도신로 162-32,디스플레이 제조용 기계 제조업 외 1 종,22,경상북도 구미시청,054-480-5302,
개별입지,(주)은성하이텍,054-475-9839,경상북도 구미시 장천면 장군로 169,일반용 전기 조명장치 제조업 외 1 종,4,경상북도 구미시청,054-480-5302,
개별입지,(주)이노소재,054-471-3004,경상북도 구미시 장천면 장천상림3길 77-12 ((주)큐렉스),비금속류 해체 및 선별업 외 1 종,7,경상북도 구미시청,054-480-5302,
개별입지,(주)이스트영,054-458-8490,경상북도 구미시 무을면 삼원로 334 (총 2 필지) 외 1필지,그 외 기타 분류 안된 섬유제품 제조업,19,경상북도 구미시청,054-480-5302,
개별입지,(주)이엠맵정보,054-475-4431,경상북도 구미시 삼일로 12 (진평동) 수빌딩 5층,기타 무선 통신장비 제조업 외 1 종,24,경상북도 구미시청,054-480-5302,
개별입지,(주)인터크린,054-474-8333,경상북도 구미시 진평동 41번지,액체 여과기 제조업,6,경상북도 구미시청,054-480-5302,
개별입지,(주)자연에너지연구소,054-475-0847,"경상북도 구미시 대학로 61, 금오공과대학교 벤처창업관 207호 (양호동)",기타 가정용 전기기기 제조업 외 1 종,2,경상북도 구미시청,054-480-5302,
개별입지,(주)장원테크,054-473-8116,경상북도 구미시 산동읍 성수4길 28,운송장비 조립용 플라스틱제품 제조업 외 1 종,19,경상북도 구미시청,054-480-5302,
개별입지,(주)정진,054-481-7080,경상북도 구미시 옥성면 주아3길 24,"콘크리트 타일, 기와, 벽돌 및 블록 제조업",3,경상북도 구미시청,054-480-5302,
개별입지,(주)제이디에이치,,경상북도 구미시 비산로5길 10 (비산동),산업용 난방보일러 및 방열기 제조업 외 1 종,3,경상북도 구미시청,054-480-5302,
개별입지,(주)제이원에스,054-476-1164,경상북도 구미시 해평면 강동로 1302-68 (해평면),끈 및 로프 제조업,5,경상북도 구미시청,054-480-5302,
개별입지,(주)제일,054-475-0343,경상북도 구미시 인동32길 28-25 (진평동),기체 여과기 제조업,16,경상북도 구미시청,054-480-5302,
개별입지,(주)주공리텍,054-474-6146,경상북도 구미시 장천면 학신로 262,금속류 해체 및 선별업 외 1 종,10,경상북도 구미시청,054-480-5302,
개별입지,(주)지에스알텍,,경상북도 구미시 장천면 하장3길 113 외 1필지,"알루미늄 압연, 압출 및 연신제품 제조업",5,경상북도 구미시청,054-480-5302,
개별입지,(주)지엠지,054-456-6443,"경상북도 구미시 대학로 61, 114호 (양호동)","레이더, 항행용 무선기기 및 측량기구 제조업",18,경상북도 구미시청,054-480-5302,
개별입지,(주)지와이,070-4216-4555,"경상북도 구미시 장천면 신장1길 75, 가동",도장 및 기타 피막처리업 외 2 종,30,경상북도 구미시청,054-480-5302,
개별입지,(주)지케이알,070-7791-0333,경상북도 구미시 고아읍 이례로 24-3,자동차 차체용 신품 부품 제조업 외 1 종,28,경상북도 구미시청,054-480-5302,
개별입지,(주)진석테크윈,054-452-3800,경상북도 구미시 고아읍 들성로9길 32-91,일반용 전기 조명장치 제조업 외 9 종,8,경상북도 구미시청,054-480-5302,
개별입지,(주)진테크,054-472-4568,경상북도 구미시 해평면 강동로 1640-117,그 외 기타 분류 안된 금속 가공 제품 제조업 외 1 종,12,경상북도 구미시청,054-480-5302,
개별입지,(주)청라,054-471-3768,경상북도 구미시 장천면 상장3길 24-32,금속탱크 및 저장용기 제조업,6,경상북도 구미시청,054-480-5302,
개별입지,(주)청문,054-471-2717,경상북도 구미시 왕산로5길 14-35 (임은동),그외기타전자부품제조업,50,경상북도 구미시청,054-480-5302,
개별입지,(주)청문,054-464-6271,경상북도 구미시 고아읍 이례로 60 외 1필지,그외기타전자부품제조업,45,경상북도 구미시청,054-480-5302,
개별입지,(주)카스트엔지니어링,054-474-6490,경상북도 구미시 인동가산로 311 (구평동),"전자기 측정, 시험 및 분석기구 제조업 외 1 종",13,경상북도 구미시청,054-480-5302,
개별입지,(주)케이비씨,054-482-5550,경상북도 구미시 선산읍 선상서로 165-36 (총 6 필지),포장용 플라스틱 성형용기 제조업,20,경상북도 구미시청,054-480-5302,
개별입지,(주)케이씨엠,054-453-9931,"경상북도 구미시 야은로 37, 창업보육센터 타운동 104호(101,103) (부곡동, 구미1대학)",복합비료 및 기타 화학비료 제조업,3,경상북도 구미시청,054-480-5302,
개별입지,(주)케이엠텍,054-471-2210,경상북도 구미시 산동읍 인덕3길 3,방송및무선통신기기제조업,20,경상북도 구미시청,054-480-5302,
개별입지,(주)타임텍,054-481-0438,경상북도 구미시 해평면 금산리 470-1번지 외 1필지 외 1필지,반도체 제조용 기계 제조업,10,경상북도 구미시청,054-480-5302,
개별입지,(주)태산,054-481-1843,경상북도 구미시 선산읍 북산3길 48 외 1필지,"방송수신기및기타영상,음향기기제조업",24,경상북도 구미시청,054-480-5302,
개별입지,(주)태산공사,054-474-7281,경상북도 구미시 장천면 하장3길 113-19,육상 금속 골조 구조재 제조업 외 1 종,6,경상북도 구미시청,054-480-5302,
개별입지,(주)태산공사(제2공장),054-474-7282,경상북도 구미시 장천면 하장리 산 22-6번지 외 1필지 외 1필지,육상 금속 골조 구조재 제조업 외 1 종,20,경상북도 구미시청,054-480-5302,
개별입지,(주)태산섬유,054-463-6750,경상북도 구미시 왕산로5길 14-4 (임은동),연사 및 가공사 제조업,14,경상북도 구미시청,054-480-5302,
개별입지,(주)태영테크,054-482-2928,경상북도 구미시 고아읍 오로6길 19,컴퓨터입·출력장치및기타주변기기제조업,35,경상북도 구미시청,054-480-5302,
개별입지,(주)테크폴리머,054-473-6781,경상북도 구미시 장천면 장천상림3길 91 ((주)테크폴리머공장),혼성 및 재생 플라스틱 소재 물질 제조업,24,경상북도 구미시청,054-480-5302,
개별입지,(주)투렉스석원수지,054-472-0787,경상북도 구미시 비산로 69 (비산동),그 외 기타 플라스틱 제품 제조업,6,경상북도 구미시청,054-480-5302,
개별입지,(주)티에스전자,054-482-7278,경상북도 구미시 고아읍 오로6길 19,그외기타전자부품제조업,39,경상북도 구미시청,054-480-5302,
개별입지,(주)폴리머테크,054-472-0431,경상북도 구미시 장천면 신장6길 42-5 (폴리머테크) (총 2 필지),혼성 및 재생 플라스틱 소재 물질 제조업,9,경상북도 구미시청,054-480-5302,
개별입지,(주)필텍연구소,054-471-1660,"경상북도 구미시 산동읍 인덕1길 131, 경운대학교 창업보육센터 301호",액체 여과기 제조업,3,경상북도 구미시청,054-480-5302,
개별입지,(주)하이엘스,054-462-9598,"경상북도 구미시 구미대로 350-27, 3D프린팅제조혁신센터 209-1호 (신평동)",디지털 적층 성형기계 제조업 외 2 종,2,경상북도 구미시청,054-480-5302,
개별입지,(주)한국 D.Y(디와이),054-482-1570,경상북도 구미시 고아읍 예강1길 12 외 1필지,그외기타전자부품제조업,72,경상북도 구미시청,054-480-5302,
개별입지,(주)한국OFA시스템,054-463-6874,경상북도 구미시 비산로3길 9 (비산동),기타 물품 취급장비 제조업,48,경상북도 구미시청,054-480-5302,
개별입지,(주)한국수출포장,054-715-1400,경상북도 구미시 장천면 여남1길 19-6,"목재 포장용 상자, 드럼 및 유사용기 제조업",6,경상북도 구미시청,054-480-5302,
개별입지,(주)한길제어,054-464-4711,경상북도 구미시 금오대로16길 47 (오태동),산업처리공정 제어장비 제조업 외 3 종,10,경상북도 구미시청,054-480-5302,
개별입지,(주)한성전자,054-471-6141,경상북도 구미시 산동읍 동곡리 산 63번지,운송장비 조립용 플라스틱제품 제조업 외 1 종,142,경상북도 구미시청,054-480-5302,
개별입지,(주)한성플라텍,054-971-6061,경상북도 구미시 장천면 장천상림3길 83-1,폴리스티렌 발포 성형제품 제조업 외 1 종,26,경상북도 구미시청,054-480-5302,
개별입지,(주)한신산업,054-974-3932,경상북도 구미시 장천면 하장2길 96-19,혼성 및 재생 플라스틱 소재 물질 제조업,6,경상북도 구미시청,054-480-5302,
개별입지,(주)한신플랜트,054-475-7770,경상북도 구미시 장천면 한천길 154-15 (한신에프.알.피.플랜트공장) (총 2 필지),그 외 기타 플라스틱 제품 제조업 외 2 종,10,경상북도 구미시청,054-480-5302,
개별입지,(주)한일기공,054-462-9032,경상북도 구미시 임은5길 4-6 (임은동),금속 절삭기계 제조업,5,경상북도 구미시청,054-480-5302,
개별입지,(주)해말금,054-442-5347,경상북도 구미시 봉곡북로5길 29-6 (봉곡동),육류 포장육 및 냉동육 가공업 (가금류 제외),10,경상북도 구미시청,054-480-5302,
개별입지,(주)해성케미칼,054-471-2828,경상북도 구미시 장천면 신장2길 42 ((주)해성케미칼공장),혼성 및 재생 플라스틱 소재 물질 제조업,4,경상북도 구미시청,054-480-5302,
개별입지,(주)현대수지,054-465-9898,경상북도 구미시 비산로7길 3 (비산동),그 외 기타 플라스틱 제품 제조업,4,경상북도 구미시청,054-480-5302,
개별입지,(주)현일엔지니어링,054-464-7534,경상북도 구미시 산동읍 인덕3길 4-7 (현일엔지니어링),기기용 자동측정 및 제어장치 제조업,20,경상북도 구미시청,054-480-5302,
개별입지,(주)호일,054-461-6767,"경상북도 구미시 상사동로 159, 삼득빌딩 2층 (사곡동)",이동전화기 제조업,4,경상북도 구미시청,054-480-5302,
개별입지,(주)홍익바이오,054-474-5888,"경상북도 구미시 4공단로10길 39-62, 2동(금전동)",건강보조용 액화식품 제조업,40,경상북도 구미시청,054-480-5302,
개별입지,(주)화동전자,054-482-1827,경상북도 구미시 고아읍 선산대로 976-12,인쇄회로판제조업,35,경상북도 구미시청,054-480-5302,
개별입지,(주)화인,054-472-3420,경상북도 구미시 장천면 신장1길 75,방송및무선통신기기제조업 외 1 종,9,경상북도 구미시청,054-480-5302,
개별입지,(주)휴먼텍,054-536-0776,경상북도 구미시 고아읍 선산대로 729,일반용 전기 조명장치 제조업 외 3 종,10,경상북도 구미시청,054-480-5302,
개별입지,AMS(에이엠에스),02-826-9100,"경상북도 구미시 산동읍 인덕1길 131, 101호(경운대학교 창업보육센터)",무인 항공기 및 무인 비행장치 제조업 외 1 종,1,경상북도 구미시청,054-480-5302,
개별입지,EGI,054-474-7742,경상북도 구미시 고아읍 문성12길 29-9,반도체 제조용 기계 제조업 외 3 종,4,경상북도 구미시청,054-480-5302,
개별입지,IMT,054-472-2064,"경상북도 구미시 산동읍 인덕1길 131, (경운대학교창업보육센터)201,209호","전자기 측정, 시험 및 분석기구 제조업 외 2 종",5,경상북도 구미시청,054-480-5302,
개별입지,IT 시스템,054-454-6611,경상북도 구미시 원남로3길 56 (남통동),컴퓨터 제조업,1,경상북도 구미시청,054-480-5302,
개별입지,K.I.C,054-455-1923,경상북도 구미시 고아읍 선산대로 684-6,그외기타전자부품제조업,6,경상북도 구미시청,054-480-5302,
개별입지,K.M-ENG,,경상북도 구미시 고아읍 송림리 249-1번지 외 2필지,그외기타분류안된특수목적용기계제조업,43,경상북도 구미시청,054-480-5302,
개별입지,LG이노텍(주),,경상북도 구미시 임수동 320 외 6필지,무기 및 총포탄 제조업,50,경상북도 구미시청,054-480-5302,
개별입지,MS케미칼,,경상북도 구미시 장천면 학신로 241-16,비금속류 해체 및 선별업 외 1 종,6,경상북도 구미시청,054-480-5302,
개별입지,NST엔에스티,054-464-6654,경상북도 구미시 오태8길 51-10 (오태동),금속 절삭기계 제조업,5,경상북도 구미시청,054-480-5302,
개별입지,SD전자산업,054-455-0381,경상북도 구미시 형곡로29길 10 (형곡동),그외기타전자부품제조업,16,경상북도 구미시청,054-480-5302,
개별입지,SM환경산업,054-471-7825,경상북도 구미시 장천면 학신로 278-11 (총 2 필지) 외 1필지,비금속류 해체 및 선별업 외 1 종,5,경상북도 구미시청,054-480-5302,
개별입지,SSM선산기계,054-482-8077,경상북도 구미시 선산읍 김선로 600-24,엘리베이터및컨베이어장치제조업,4,경상북도 구미시청,054-480-5302,
개별입지,join-tech,054-472-2603,경상북도 구미시 산동읍 성수4길 18,그외기타전자부품제조업,5,경상북도 구미시청,054-480-5302,
개별입지,가나엠티(주),054-473-6821,경상북도 구미시 산동읍 신당리 231-7번지,그외기타전자부품제조업,20,경상북도 구미시청,054-480-5302,
개별입지,가나테크윈,054-456-1988,경상북도 구미시 고아읍 들성로9길 32-77,유선 통신장비 제조업,9,경상북도 구미시청,054-480-5302,
개별입지,거봉산업,054-456-3315,경상북도 구미시 야은로 424-8 (도량동),금속 표시판 제조업 외 9 종,7,경상북도 구미시청,054-480-5302,
개별입지,건강수지,,경상북도 구미시 장천면 신장2길 82-7,비금속류 해체 및 선별업 외 1 종,5,경상북도 구미시청,054-480-5302,
개별입지,겨우엔지니어링,054-464-4325,경상북도 구미시 비산로3길 9 (비산동),"전기회로 개폐, 보호장치 제조업 외 2 종",11,경상북도 구미시청,054-480-5302,
개별입지,경북 진공 열처리,054-461-8185,경상북도 구미시 비산로 39-8 (비산동) 외 1필지,절단가공및표면처리강재생산업,4,경상북도 구미시청,054-480-5302,
개별입지,경성테크,053-552-0125,경상북도 구미시 장천면 하장리 산 52-12번지,절단가공및표면처리강재생산업,3,경상북도 구미시청,054-480-5302,
개별입지,경일산업사,054-481-8990,경상북도 구미시 옥성면 상무로 1520,곡물 도정업,5,경상북도 구미시청,054-480-5302,
개별입지,계림지주목,054-473-9226,경상북도 구미시 고아읍 포아로 622-11,표면 가공 목재 및 특정 목적용 제재목 제조업,1,경상북도 구미시청,054-480-5302,
개별입지,계성정밀,,경상북도 구미시 비산로 39-5 (비산동),금속 절삭기계 제조업,0,경상북도 구미시청,054-480-5302,
개별입지,고려정밀,054-453-7329,경상북도 구미시 도량동 612번지,주형 및 금형 제조업,8,경상북도 구미시청,054-480-5302,
개별입지,고신기술(주),054-476-8901,경상북도 구미시 인의동 0번지 인의지구 23블럭 5롯트,방송및무선통신기기제조업,44,경상북도 구미시청,054-480-5302,
개별입지,공산공업사,054-472-0667,경상북도 구미시 장천면 신장3길 15-17,연사 및 가공사 제조업,3,경상북도 구미시청,054-480-5302,
개별입지,관동자원,054-471-8666,경상북도 구미시 장천면 신장4길 74-1,금속류 해체 및 선별업 외 1 종,3,경상북도 구미시청,054-480-5302,
개별입지,광성(주),054-474-8589,"경상북도 구미시 대학로 61, 이오스관 209호 (양호동, 금오공과대학교)",기타 가공 공작기계 제조업,3,경상북도 구미시청,054-480-5302,
개별입지,광진,054-456-0917,"경상북도 구미시 거양길 302 (양호동, 주식회사에스넷)",자동차 차체용 신품 부품 제조업 외 1 종,2,경상북도 구미시청,054-480-5302,
개별입지,광진시스템,,"경상북도 구미시 대학로 61, 창업보육센터 벤처창업관 211,212호 (거의동, 금오공과대학교)","탭, 밸브 및 유사장치 제조업",1,경상북도 구미시청,054-480-5302,
개별입지,구미금오산약주합자회사,054-472-2928,경상북도 구미시 산동읍 적림2길 6-3,탁주 및 약주 제조업,8,경상북도 구미시청,054-480-5302,
개별입지,구미산업(주),054-472-6767,경상북도 구미시 인동52길 33-59 (구평동),일반용 전기 조명장치 제조업,2,경상북도 구미시청,054-480-5302,
개별입지,구미석재,,경상북도 구미시 부곡동 236-3번지,석재성형가공품제조업,3,경상북도 구미시청,054-480-5302,
개별입지,구미수출포장,,경상북도 구미시 금전동 39번지,"목재 포장용 상자, 드럼 및 유사용기 제조업",2,경상북도 구미시청,054-480-5302,
개별입지,구미아스콘(주),054-482-5200,경상북도 구미시 옥성면 산촌옥관로 8 (그린아스콘),암면 및 유사제품 제조업 외 1 종,16,경상북도 구미시청,054-480-5302,
개별입지,구미에이테크솔루션(주),054-477-1002,경상북도 구미시 산동읍 강동로 816-32,주형 및 금형 제조업,86,경상북도 구미시청,054-480-5302,
개별입지,구미직업재활센터,054-715-2822,경상북도 구미시 구미대로2길 14-2 (임은동),기타 편조의복 액세서리 제조업,8,경상북도 구미시청,054-480-5302,
개별입지,구미철망공업사,054-481-9953,경상북도 구미시 고아읍 오로6길 1,금속선 가공제품 제조업,5,경상북도 구미시청,054-480-5302,
개별입지,구미칠곡축산업협동조합(축산물유통센터),054-452-3854,경상북도 구미시 선기로 119 (선기동) (총 12 필지) 외 11필지,육류 도축업(가금류 제외) 외 3 종,46,경상북도 구미시청,054-480-5302,
개별입지,구미크린텍,054-462-8418,경상북도 구미시 비산로5길 12 (비산동),그 외 기타 특수목적용 기계 제조업 외 1 종,4,경상북도 구미시청,054-480-5302,
개별입지,구봉산업,054-474-5100,경상북도 구미시 도개면 도안로 442 (구봉정미소),곡물 도정업,5,경상북도 구미시청,054-480-5302,
개별입지,구봉정미소,054-534-5569,경상북도 구미시 옥성면 선상동로 1449,곡물 도정업,5,경상북도 구미시청,054-480-5302,
개별입지,구봉정미소,054-474-5100,경상북도 구미시 도개면 도안로 442 (구봉정미소),곡물 도정업,4,경상북도 구미시청,054-480-5302,
개별입지,구암석재,054-481-2430,경상북도 구미시 선산읍 조남로 72,기타 석제품 제조업,29,경상북도 구미시청,054-480-5302,
개별입지,그린아스콘,054-482-5200,경상북도 구미시 옥성면 산촌옥관로 8 (그린아스콘),아스팔트 콘크리트 및 혼합제품 제조업,10,경상북도 구미시청,054-480-5302,
개별입지,그린전자,054-463-2154,경상북도 구미시 왕산로5길 14-35 (임은동),그외기타전자부품제조업,40,경상북도 구미시청,054-480-5302,
개별입지,글로벌에스지,054-481-1190,경상북도 구미시 선산읍 선상서로 340 (죽장리 글로벌테크) 외 1필지,주형 및 금형 제조업,5,경상북도 구미시청,054-480-5302,
개별입지,글로벌테크,054-481-1190,경상북도 구미시 선산읍 선상서로 338-16,그 외 자동차용 신품 부품 제조업 외 3 종,10,경상북도 구미시청,054-480-5302,
개별입지,금강기계(주),054-463-7755,경상북도 구미시 비산로 79-9 (비산동),기타 가공 공작기계 제조업,8,경상북도 구미시청,054-480-5302,
개별입지,금강애드,054-456-6789,경상북도 구미시 경은로 36 (형곡동),오프셋 인쇄업,10,경상북도 구미시청,054-480-5302,
개별입지,금강열산업,054-455-0957,경상북도 구미시 고아읍 문성12길 29-16,그 외 기타 전기장비 제조업,7,경상북도 구미시청,054-480-5302,
개별입지,금강인쇄출판사,054-456-6789,경상북도 구미시 임은길 23 (임은동),경 인쇄업 외 1 종,1,경상북도 구미시청,054-480-5302,
개별입지,금마산업,054-474-5935,경상북도 구미시 해평면 오상1길 28,연사 및 가공사 제조업,4,경상북도 구미시청,054-480-5302,
개별입지,금산전자,054-472-4098,경상북도 구미시 장천면 신장2길 66 외 3필지,가정용전열기기제조업,10,경상북도 구미시청,054-480-5302,
개별입지,금산휄트,054-452-1875,경상북도 구미시 장천면 장천로 355-8,부직포 및 펠트 제조업,15,경상북도 구미시청,054-480-5302,
개별입지,금성냉장,054-461-8585,경상북도 구미시 신비로 135-4 (비산동),기타육지동물고기가공및저장처리업,3,경상북도 구미시청,054-480-5302,
개별입지,금성판금,,경상북도 구미시 비산로5안길 19-6 (비산동),자동차용 금속 압형제품 제조업 외 1 종,3,경상북도 구미시청,054-480-5302,
개별입지,금성하이텍,,경상북도 구미시 장천면 학신로 246-16,방송및무선통신기기제조업 외 1 종,8,경상북도 구미시청,054-480-5302,
개별입지,금오 절단 절곡,054-456-7567,경상북도 구미시 비산로 75 (비산동),그 외 기타 1차 철강 제조업,3,경상북도 구미시청,054-480-5302,
개별입지,금오A.V,054-457-0758,경상북도 구미시 고아읍 원대로9길 17,"방송수신기및기타영상,음향기기제조업",8,경상북도 구미시청,054-480-5302,
개별입지,금오기계,054-461-0070,경상북도 구미시 비산로7길 9-7 (비산동),반도체제조용기계제조업,16,경상북도 구미시청,054-480-5302,
개별입지,금오기계,054-461-0070,경상북도 구미시 비산로 79-9 (비산동),기타 가공 공작기계 제조업,13,경상북도 구미시청,054-480-5302,
개별입지,금오기연,054-473-3367,경상북도 구미시 장천면 학신로 241-8,전자 응용 절삭기계 제조업,3,경상북도 구미시청,054-480-5302,
개별입지,금오전자,054-481-7625,경상북도 구미시 고아읍 예강1길 12,운송장비 조립용 플라스틱제품 제조업 외 1 종,10,경상북도 구미시청,054-480-5302,
개별입지,금오중기정비,054-442-6969,경상북도 구미시 야은로 284 (봉곡동),건설 및 채광용 기계장비 제조업,3,경상북도 구미시청,054-480-5302,
개별입지,금용테크,054-461-3772,경상북도 구미시 비산로7길 8-27 (비산동),주형 및 금형 제조업,8,경상북도 구미시청,054-480-5302,
개별입지,금호ENG,054-465-1668,경상북도 구미시 임은길 55-11 (임은동),"금속 문, 창, 셔터 및 관련제품 제조업",5,경상북도 구미시청,054-480-5302,
개별입지,기민전자,054-453-6021,경상북도 구미시 형곡로26길 6-35 (형곡동),"전자기 측정, 시험 및 분석기구 제조업",8,경상북도 구미시청,054-480-5302,
개별입지,기성엔지니어링,054-472-6369,"경상북도 구미시 인동가산로 442-15 (구평동, 기성엔지니어링)",주형 및 금형 제조업,18,경상북도 구미시청,054-480-5302,
개별입지,길본산업,,경상북도 구미시 고아읍 파산2길 53 (길본산업공장) (총 3 필지) 외 2필지,운송장비 조립용 플라스틱제품 제조업 외 1 종,5,경상북도 구미시청,054-480-5302,
개별입지,남선기공사,054-461-0114,경상북도 구미시 새마을로 194 (사곡동) (총 2 필지) 외 1필지,"금속 문, 창, 셔터 및 관련제품 제조업 외 3 종",4,경상북도 구미시청,054-480-5302,
개별입지,남양정밀,054-482-2491,경상북도 구미시 선산읍 선상서로 290-5 (총 3 필지) 외 2필지,주형 및 금형 제조업,5,경상북도 구미시청,054-480-5302,
개별입지,남흥시스템,054-454-8800,경상북도 구미시 금오산로 37 (원평동),그외기타전자부품제조업,8,경상북도 구미시청,054-480-5302,
개별입지,녹명전자,,경상북도 구미시 선산읍 내고3길 85-38 (녹명전자) (총 3 필지) 외 2필지,기타 무선 통신장비 제조업 외 1 종,20,경상북도 구미시청,054-480-5302,
개별입지,농업회사법인 싱싱식품(주),054-476-7920,경상북도 구미시 도개면 월림4길 37,김치류 제조업 외 2 종,26,경상북도 구미시청,054-480-5302,
개별입지,농업회사법인 주식회사 해미래,054-444-2820,경상북도 구미시 봉곡북로1길 16 (봉곡동),김치류 제조업 외 1 종,9,경상북도 구미시청,054-480-5302,
개별입지,농업회사법인(주)키큰아이,054-481-6259,경상북도 구미시 선산읍 선상서로 264-22,빵류 제조업,20,경상북도 구미시청,054-480-5302,
개별입지,농업회사법인369삼주식회사,,경상북도 구미시 장천면 학신로 246-16,인삼식품 제조업,3,경상북도 구미시청,054-480-5302,
개별입지,농업회사법인보원농업(주),054-476-0300,경상북도 구미시 선산읍 선상서로 452 외 2필지,가금류 가공 및 저장 처리업,8,경상북도 구미시청,054-480-5302,
개별입지,농업회사법인주식회사다농,054-471-9924,경상북도 구미시 송동로 42-14 (도량동),기타 과실ㆍ채소 가공 및 저장 처리업,15,경상북도 구미시청,054-480-5302,
개별입지,다산정공,054-475-1371,"경상북도 구미시 산동읍 옥계2공단로 642, 1층",그 외 기타 의료용 기기 제조업,9,경상북도 구미시청,054-480-5302,
개별입지,다성,,"경상북도 구미시 대학로 61, 벤처관 222호 (양호동, 금오공과대학교)",그 외 기타 전자부품 제조업 외 1 종,2,경상북도 구미시청,054-480-5302,
개별입지,다솔전자,054-474-6443,경상북도 구미시 진평동 0번지 57B 3L,액정 표시장치 제조업,40,경상북도 구미시청,054-480-5302,
개별입지,다은테크,054-458-8095,경상북도 구미시 형곡동로8길 12 (형곡동),기타 무선 통신장비 제조업,1,경상북도 구미시청,054-480-5302,
개별입지,다진테크 주식회사,054-474-5654,경상북도 구미시 산동읍 부처방길 103,일반용 전기 조명장치 제조업,5,경상북도 구미시청,054-480-5302,
개별입지,대건정보통신,054-457-8899,경상북도 구미시 고아읍 들성로15길 12-4,방송장비 제조업 외 2 종,5,경상북도 구미시청,054-480-5302,
개별입지,대경전자,054-454-0378,경상북도 구미시 고아읍 문성리 41번지,"방송수신기및기타영상,음향기기제조업",72,경상북도 구미시청,054-480-5302,
개별입지,대경정밀,054-463-8999,경상북도 구미시 신비로 188 (비산동),금속 절삭기계 제조업,4,경상북도 구미시청,054-480-5302,
개별입지,대경화학,054-462-2377,경상북도 구미시 왕산로3길 10 (임은동),폴리스티렌 발포 성형제품 제조업 외 1 종,10,경상북도 구미시청,054-480-5302,
개별입지,대광전자,,경상북도 구미시 고아읍 신촌2길 25 (대광전자) (총 2 필지) 외 1필지,그 외 기타 플라스틱 제품 제조업,5,경상북도 구미시청,054-480-5302,
개별입지,대구종합유리,054-471-9286,경상북도 구미시 장천면 송신로 671,안전유리 제조업 외 1 종,5,경상북도 구미시청,054-480-5302,
개별입지,대길전자,054-452-9470,경상북도 구미시 형곡동로 41-5 (형곡동),그외기타전자부품제조업,11,경상북도 구미시청,054-480-5302,
개별입지,대도기전사,054-463-2785,경상북도 구미시 신비로 131 (비산동) 외 2필지,그외기타전자부품제조업,0,경상북도 구미시청,054-480-5302,
개별입지,대도전자,054-464-0102,경상북도 구미시 비산로7길 38-4 (비산동),그 외 기타 전기장비 제조업,22,경상북도 구미시청,054-480-5302,
개별입지,대림전자,054-463-5090,경상북도 구미시 고아읍 문성5길 76-43 (총 2 필지) 외 1필지,유선 통신장비 제조업,30,경상북도 구미시청,054-480-5302,
개별입지,대림정밀,054-465-0160,경상북도 구미시 비산로 115-10 (비산동),주형 및 금형 제조업,41,경상북도 구미시청,054-480-5302,
개별입지,대명산업,054-473-2175,경상북도 구미시 해평면 도신로 162-34 외 1필지,건설 및 채광용 기계장비 제조업,8,경상북도 구미시청,054-480-5302,
개별입지,대명산업개발(주)구미지점,054-481-9500,경상북도 구미시 선산읍 선상서로 165-36,접착제 및 젤라틴 제조업,13,경상북도 구미시청,054-480-5302,
개별입지,대산기계,054-461-0399,경상북도 구미시 비산로7길 9 (비산동),그외기타분류안된특수목적용기계제조업,4,경상북도 구미시청,054-480-5302,
개별입지,대산섬유,054-482-3716,경상북도 구미시 선산읍 대조오목길 566-6,연사 및 가공사 제조업,8,경상북도 구미시청,054-480-5302,
개별입지,대석기계,054-461-1639,경상북도 구미시 비산로5길 29-7 (비산동),기타 가공 공작기계 제조업,5,경상북도 구미시청,054-480-5302,
개별입지,대성,054-482-3121,경상북도 구미시 고아읍 파산2길 9,그외기타전자부품제조업,6,경상북도 구미시청,054-480-5302,
개별입지,대성산업,054-471-9442,경상북도 구미시 산동읍 임천인덕로 250-1,목재 깔판류 및 기타 적재판 제조업,9,경상북도 구미시청,054-480-5302,
개별입지,대성산업사,054-454-9212,경상북도 구미시 도개면 신곡길 17,표면 가공 목재 및 특정 목적용 제재목 제조업,5,경상북도 구미시청,054-480-5302,
개별입지,대성수지 산업사,054-472-0642,경상북도 구미시 장천면 신장리 76-3번지,"염료, 조제 무기안료, 유연제 및 기타 착색제 제조업",0,경상북도 구미시청,054-480-5302,
개별입지,대성정밀 산업사,054-452-3538,경상북도 구미시 선기로3길 31 (남통동),주형 및 금형 제조업,20,경상북도 구미시청,054-480-5302,
개별입지,대신FA,054-462-6523,경상북도 구미시 비산로5길 18-4 (비산동),그 외 기타 특수목적용 기계 제조업 외 1 종,5,경상북도 구미시청,054-480-5302,
개별입지,대신기계,054-473-4010,경상북도 구미시 산동읍 성수4길 21,그외기타분류안된특수목적용기계제조업,4,경상북도 구미시청,054-480-5302,
개별입지,대아스프링,054-463-3515,경상북도 구미시 비산로 39-11 (비산동),철강선 제조업,12,경상북도 구미시청,054-480-5302,
개별입지,대양기업,054-463-9276,경상북도 구미시 비산로3길 14-28 (비산동),그외기타전자부품제조업,20,경상북도 구미시청,054-480-5302,
개별입지,대양전자,054-455-0621,경상북도 구미시 고아읍 항곡7길 32 (대양전자),그외기타전자부품제조업,24,경상북도 구미시청,054-480-5302,
개별입지,대양정공사,054-462-2114,경상북도 구미시 비산로 27 (비산동),발광 다이오드 제조업 외 1 종,12,경상북도 구미시청,054-480-5302,
개별입지,대영HM,,경상북도 구미시 고아읍 이례로 26 (총 2 필지) 외 1필지,주형 및 금형 제조업 외 6 종,10,경상북도 구미시청,054-480-5302,
개별입지,대영건설(주),054-452-2195,경상북도 구미시 남통동 24번지,아스팔트 콘크리트 및 혼합제품 제조업,4,경상북도 구미시청,054-480-5302,
개별입지,대영기업,054-451-4507,경상북도 구미시 산동읍 봉산리 918-11번지,운송장비 조립용 플라스틱제품 제조업 외 1 종,15,경상북도 구미시청,054-480-5302,
개별입지,대영산업(주),054-452-2191,경상북도 구미시 남통동 24번지,레미콘 제조업 외 2 종,26,경상북도 구미시청,054-480-5302,
개별입지,대영수출포장공업사,054-482-2783,경상북도 구미시 고아읍 오로6길 34,골판지 제조업 외 1 종,12,경상북도 구미시청,054-480-5302,
개별입지,대영전자,054-454-5291,경상북도 구미시 장천면 묵어길 17,"방송수신기및기타영상,음향기기제조업",48,경상북도 구미시청,054-480-5302,
개별입지,대영정밀,054-463-7771,경상북도 구미시 비산로5길 29-19 (비산동),산업처리공정 제어장비 제조업,6,경상북도 구미시청,054-480-5302,
개별입지,대왕정공,054-462-1229,경상북도 구미시 비산로3길 14-36 (비산동) (총 3 필지) 외 2필지,디지털 적층 성형기계 제조업 외 1 종,8,경상북도 구미시청,054-480-5302,
개별입지,대웅인슈텍(주),054-476-1889,경상북도 구미시 장천면 하장2길 274-19 (울트라보드),폴리스티렌 발포 성형제품 제조업 외 1 종,7,경상북도 구미시청,054-480-5302,
개별입지,대원플라텍,054-461-8797,경상북도 구미시 임은5길 8 (임은동),방송및무선통신기기제조업,8,경상북도 구미시청,054-480-5302,
개별입지,대진전자,054-463-0344,경상북도 구미시 신비로 180 (비산동),그외기타전자부품제조업,21,경상북도 구미시청,054-480-5302,
개별입지,대창엔프라,054-473-0845,경상북도 구미시 장천면 하장2길 274-9,합성수지 및 기타 플라스틱 물질 제조업,5,경상북도 구미시청,054-480-5302,
개별입지,대청전자,054-481-6528,경상북도 구미시 선산읍 동교3길 14,"방송수신기및기타영상,음향기기제조업",22,경상북도 구미시청,054-480-5302,
개별입지,대한P&P,054-473-5667,경상북도 구미시 산동읍 적림3길 112 (총 2 필지) 외 1필지,절삭가공 및 유사처리업,9,경상북도 구미시청,054-480-5302,
개별입지,대한안경사 협동조합,054-431-0207,"경상북도 구미시 야은로 37, 구미대학교 창업보육센터 타운동 103호 (부곡동, 구미1대학)",안경 및 안경렌즈 제조업,2,경상북도 구미시청,054-480-5302,
개별입지,대한종합수지,054-462-6400,경상북도 구미시 비산로 115-2 (비산동),그 외 기타 플라스틱 제품 제조업,3,경상북도 구미시청,054-480-5302,
개별입지,대현정공,054-464-7373,경상북도 구미시 비산로7길 39-1 (비산동),주형 및 금형 제조업,5,경상북도 구미시청,054-480-5302,
개별입지,대호강업(주),053-557-2800,경상북도 구미시 장천면 하장2길 274-26 (경성테크),절단가공및표면처리강재생산업,16,경상북도 구미시청,054-480-5302,
개별입지,대흥공업사,054-474-0957,경상북도 구미시 장천면 신장2길 86,그외기타분류안된특수목적용기계제조업,4,경상북도 구미시청,054-480-5302,
개별입지,대흥수지,,경상북도 구미시 장천면 신장2길 86,비금속류 해체 및 선별업 외 1 종,2,경상북도 구미시청,054-480-5302,
개별입지,덕성아이비 주식회사,054-716-2310,경상북도 구미시 고아읍 오로6길 1,합성수지 및 기타 플라스틱 물질 제조업,7,경상북도 구미시청,054-480-5302,
개별입지,덕신기계,054-464-2242,경상북도 구미시 비산동 349-1번지,기타 가공 공작기계 제조업,13,경상북도 구미시청,054-480-5302,
개별입지,덕영포장공업사,054-451-2177,경상북도 구미시 해평면 산양리 70번지,골판지 제조업 외 1 종,7,경상북도 구미시청,054-480-5302,
개별입지,도유ENG,054-465-1736,경상북도 구미시 오태3길 68 (오태동),그 외 기타 분류 안된 금속 가공 제품 제조업,2,경상북도 구미시청,054-480-5302,
개별입지,돌미소,054-482-3812,경상북도 구미시 옥성면 옥관구평길 40,기타 석제품 제조업,0,경상북도 구미시청,054-480-5302,
개별입지,동경전자,054-464-7200,경상북도 구미시 수출대로 9-1 (광평동),그외기타전자부품제조업,8,경상북도 구미시청,054-480-5302,
개별입지,동경정밀,054-461-4489,경상북도 구미시 비산로 39-6 (비산동),주형 및 금형 제조업,9,경상북도 구미시청,054-480-5302,
개별입지,동도전자,054-464-4117,경상북도 구미시 비산로5길 29-11 (비산동),그외기타전자부품제조업,23,경상북도 구미시청,054-480-5302,
개별입지,동서전자,054-481-3659,경상북도 구미시 선산읍 동교길 12,"방송수신기및기타영상,음향기기제조업",96,경상북도 구미시청,054-480-5302,
개별입지,동서테크 1,054-481-5050,경상북도 구미시 선산읍 성황5길 6,"콘크리트 타일, 기와, 벽돌 및 블록 제조업",3,경상북도 구미시청,054-480-5302,
개별입지,동신전자,054-482-2880,경상북도 구미시 선산읍 김선로 573,방송및무선통신기기제조업,4,경상북도 구미시청,054-480-5302,
개별입지,동신전자,054-451-4948,경상북도 구미시 개화2길 14 (도량동),그외기타전자부품제조업,23,경상북도 구미시청,054-480-5302,
개별입지,동아 인쇄기획,054-456-0694,경상북도 구미시 역전로 33 (원평동),경 인쇄업 외 1 종,4,경상북도 구미시청,054-480-5302,
개별입지,동아중기종합정비,054-474-8228,경상북도 구미시 산동읍 강동로 902-8,건설 및 채광용 기계장비 제조업,10,경상북도 구미시청,054-480-5302,
개별입지,동영수지 공업사,054-461-4595,경상북도 구미시 신평동 142-5번지,플라스틱 필름 제조업 외 1 종,27,경상북도 구미시청,054-480-5302,
개별입지,동영전자,054-473-8257,경상북도 구미시 인동가산로 510-18 (신동),그외기타전자부품제조업,8,경상북도 구미시청,054-480-5302,
개별입지,동원전자,054-474-9229,경상북도 구미시 도개면 신곡길 11,인쇄회로판제조업,52,경상북도 구미시청,054-480-5302,
개별입지,동진 M&W,070-8832-4338,"경상북도 구미시 상사서로 182, 3층 (사곡동)",그 외 기타 전자부품 제조업 외 1 종,24,경상북도 구미시청,054-480-5302,
개별입지,동천수지 2공장,,경상북도 구미시 장천면 장군로 216-51 (동천수지),비금속류 해체 및 선별업 외 1 종,8,경상북도 구미시청,054-480-5302,
개별입지,동화산업(주),054-481-7991,경상북도 구미시 선산읍 선상서로 165-36,접착제 및 젤라틴 제조업,29,경상북도 구미시청,054-480-5302,
개별입지,두레전자(주),,경상북도 구미시 형곡동로 69 (형곡동),,20,경상북도 구미시청,054-480-5302,
개별입지,두성전자,054-457-4335,경상북도 구미시 형곡서로1길 22 (형곡동),그외기타전자부품제조업,23,경상북도 구미시청,054-480-5302,
개별입지,두영FA,054-462-1488,경상북도 구미시 비산로3길 41-1 (비산동),배전반 및 전기 자동제어반 제조업,5,경상북도 구미시청,054-480-5302,
개별입지,드림에스엔피,054-463-3426,"경상북도 구미시 상사동로 98-1, 1층 2호 (사곡동)",경 인쇄업 외 1 종,3,경상북도 구미시청,054-480-5302,
개별입지,라씨(LASEE),054-472-8279,경상북도 구미시 대학로 61 (양호동) 금오공과대학교 112호,기기용 자동측정 및 제어장치 제조업 외 1 종,6,경상북도 구미시청,054-480-5302,
개별입지,로얄무선통신,054-456-4444,경상북도 구미시 구미중앙로 298 (송정동),방송장비 제조업,4,경상북도 구미시청,054-480-5302,
개별입지,만능정밀엔지니어링,054-465-0763,경상북도 구미시 고아읍 송림2길 14 (한창운수사옥),절삭가공 및 유사처리업,2,경상북도 구미시청,054-480-5302,
개별입지,매직테크,054-462-0591,경상북도 구미시 비산로3길 19-2 (비산동),운송장비 조립용 플라스틱제품 제조업 외 1 종,4,경상북도 구미시청,054-480-5302,
개별입지,멀티산업,054-471-0923,경상북도 구미시 산동읍 동백로 257-7 (산동읍 동곡리 45-2 창고시설 (김무권)),기타 플라스틱 발포 성형제품 제조업,5,경상북도 구미시청,054-480-5302,
개별입지,멘토,070-4203-1982,"경상북도 구미시 형곡중앙로 10, 동우콤비 1층 30호 (형곡동)",무기 및 총포탄 제조업 외 17 종,7,경상북도 구미시청,054-480-5302,
개별입지,명성수지,054-976-8339,경상북도 구미시 장천면 신장2길 82-6 (명성수지공장) (총 3 필지) 외 2필지,비금속류 해체 및 선별업 외 1 종,5,경상북도 구미시청,054-480-5302,
개별입지,명성정밀,054-461-5455,경상북도 구미시 상모동 303-5번지,금속 단조제품 제조업,4,경상북도 구미시청,054-480-5302,
개별입지,명지화학,,경상북도 구미시 고아읍 원대로 354,운송장비 조립용 플라스틱제품 제조업 외 1 종,14,경상북도 구미시청,054-480-5302,
개별입지,모빌링크텔레콤(주),054-470-8710,경상북도 구미시 산동읍 신당리 292-3번지 외 3필지 외 3필지,그 외 기타 플라스틱 제품 제조업 외 1 종,170,경상북도 구미시청,054-480-5302,
개별입지,몰드피아,054-461-8301,"경상북도 구미시 비산로5안길 19 (비산동, 한국정밀)",주형 및 금형 제조업,3,경상북도 구미시청,054-480-5302,
개별입지,무을농업협동조합,054-481-9200,경상북도 구미시 무을면 무을들길 207 (무을면 원리 8320000 공장 (무을농업협동조) 외 1필지,배합 사료 제조업 외 1 종,11,경상북도 구미시청,054-480-5302,
개별입지,문경건설기계,054-473-9658,경상북도 구미시 장천면 학신로 239,산업용 트럭 및 적재기 제조업,2,경상북도 구미시청,054-480-5302,
개별입지,미래상사,053-457-0805,경상북도 구미시 형곡로 126 (형곡동),시계 및 시계부품 제조업,3,경상북도 구미시청,054-480-5302,
개별입지,미래종합기공,054-471-0227,경상북도 구미시 산동읍 성수4길 44,엘리베이터및컨베이어장치제조업,7,경상북도 구미시청,054-480-5302,
개별입지,미르메카텍,,경상북도 구미시 선산읍 김선로 600-16 (총 2 필지) 외 1필지,기타 가공 공작기계 제조업,5,경상북도 구미시청,054-480-5302,
개별입지,미산산업,054-473-4489,경상북도 구미시 산동읍 신당리 274-1번지,절삭가공 및 유사처리업,4,경상북도 구미시청,054-480-5302,
개별입지,미산산업건설,,경상북도 구미시 장천면 하장리 산 22-11번지,육상 금속 골조 구조재 제조업 외 1 종,4,경상북도 구미시청,054-480-5302,
개별입지,미성레미콘(주),054-454-8524,경상북도 구미시 고아읍 선산대로 630-10,레미콘 제조업,15,경상북도 구미시청,054-480-5302,
개별입지,미정산업,054-472-3991,경상북도 구미시 장천면 학신로 241-16,비금속류 해체 및 선별업 외 1 종,3,경상북도 구미시청,054-480-5302,
개별입지,배영제강,,경상북도 구미시 선산읍 북산리 336-6번지,금속선 가공제품 제조업,0,경상북도 구미시청,054-480-5302,
개별입지,백경수지,054-473-4816,경상북도 구미시 장천면 장천상림3길 77-7,비금속류 해체 및 선별업 외 1 종,5,경상북도 구미시청,054-480-5302,
개별입지,백산영농조합법인,054-451-6000,경상북도 구미시 고아읍 선산대로 711 (총 3 필지) 외 2필지,곡물 도정업,6,경상북도 구미시청,054-480-5302,
개별입지,백산푸드시스템(주),054-461-7500,경상북도 구미시 왕산로3길 26 (임은동),도시락류 제조업 외 1 종,50,경상북도 구미시청,054-480-5302,
개별입지,버던트 주식회사,054-475-9821,경상북도 구미시 산동읍 인덕1길 131 302호(경운대학교 창업보육센터),그 외 기타 플라스틱 제품 제조업,4,경상북도 구미시청,054-480-5302,
개별입지,보림산업,054-452-9724,경상북도 구미시 산동읍 봉산리 436-1번지,컴퓨터 제조업,20,경상북도 구미시청,054-480-5302,
개별입지,보성기전1공장,054-461-5270,경상북도 구미시 비산로5길 22 (비산동),엘리베이터및컨베이어장치제조업 외 1 종,8,경상북도 구미시청,054-480-5302,
개별입지,보성기전2공장,054-461-5270,경상북도 구미시 비산로5안길 15-2 (비산동),엘리베이터및컨베이어장치제조업 외 1 종,8,경상북도 구미시청,054-480-5302,
개별입지,봉산정밀,054-462-7425,경상북도 구미시 비산로5길 8 (비산동),그외기타전자부품제조업,15,경상북도 구미시청,054-480-5302,
개별입지,부강금속,054-462-2281,경상북도 구미시 비산로5길 6 (비산동),기타 구조용 금속제품 제조업,9,경상북도 구미시청,054-480-5302,
개별입지,부강전자,054-473-0802,경상북도 구미시 인동가산로 510-20 (신동),그외기타전자부품제조업,17,경상북도 구미시청,054-480-5302,
개별입지,부림전자,054-481-5161,경상북도 구미시 선산읍 원리 80-2번지,"방송수신기및기타영상,음향기기제조업",15,경상북도 구미시청,054-480-5302,
개별입지,부성,054-473-5164,경상북도 구미시 장천면 강동로 493-1,산업용 트럭 및 적재기 제조업,5,경상북도 구미시청,054-480-5302,
개별입지,부영테크,054-481-0120,경상북도 구미시 고아읍 오로6길 26,그 외 기타 금속가공업,3,경상북도 구미시청,054-480-5302,
개별입지,부원정밀주식회사,054-474-6494,경상북도 구미시 해평면 월곡1길 9-15,분말 야금제품 제조업 외 2 종,8,경상북도 구미시청,054-480-5302,
개별입지,붕천산업,054-472-8942,경상북도 구미시 산동읍 성수4길 54,골판지 제조업 외 1 종,12,경상북도 구미시청,054-480-5302,
개별입지,블루웨이브텔(주),054-464-0774,경상북도 구미시 금오대로20길 41-2 (오태동),기타 무선 통신장비 제조업,2,경상북도 구미시청,054-480-5302,
개별입지,블루웨일,054-474-4001,경상북도 구미시 대학로 61 (양호동) 벤처창업관 219호,오락 및 스포츠용 보트 건조업,4,경상북도 구미시청,054-480-5302,
개별입지,비버ENG,070-8837-4262,경상북도 구미시 고아읍 대평15길 8,농업 및 임업용 기계 제조업,4,경상북도 구미시청,054-480-5302,
개별입지,비비엔스틸(주),054-473-8877,경상북도 구미시 장천면 여남1길 199 (장천공장) (총 5 필지) 외 4필지,육상 금속 골조 구조재 제조업 외 1 종,18,경상북도 구미시청,054-480-5302,
개별입지,비앤피시스템,054-476-9709,경상북도 구미시 산동읍 강동로 677 (비앤피시스템),전자부품 실장기판 제조업,21,경상북도 구미시청,054-480-5302,
개별입지,비에스텍,054-444-5126,경상북도 구미시 봉곡남로16길 15-22 (봉곡동),그 외 기타 전자부품 제조업 외 1 종,18,경상북도 구미시청,054-480-5302,
개별입지,빅 텍,054-473-9846,"경상북도 구미시 대학로 61, 금오공대 이오스관 410호 (양호동)","전자기 측정, 시험 및 분석기구 제조업",4,경상북도 구미시청,054-480-5302,
개별입지,사랑채 가마솥,054-453-4100,경상북도 구미시 도개면 도안로 308 외 1필지,기타 비철금속 주조업,9,경상북도 구미시청,054-480-5302,
개별입지,산동금속공업(주),054-472-8311,경상북도 구미시 산동읍 동백로 360,강주물 주조업,50,경상북도 구미시청,054-480-5302,
개별입지,삼보물산,054-472-3523,경상북도 구미시 도개면 도군로 478-23,그 외 기타 분류 안된 섬유제품 제조업,12,경상북도 구미시청,054-480-5302,
개별입지,삼양수지,054-471-7243,경상북도 구미시 장천면 신장2길 82-8 (삼양수지),비금속류 해체 및 선별업 외 1 종,4,경상북도 구미시청,054-480-5302,
개별입지,삼연기술,054-471-8211,경상북도 구미시 장천면 강동로 493-5,"물질 검사, 측정 및 분석기구 제조업",11,경상북도 구미시청,054-480-5302,
개별입지,삼오금형,054-472-3435,경상북도 구미시 산동읍 강동로 1126 (삼오금형공장),주형 및 금형 제조업,7,경상북도 구미시청,054-480-5302,
개별입지,삼우산업,,경상북도 구미시 해평면 강동로 2448,기타 구조용 금속제품 제조업,20,경상북도 구미시청,054-480-5302,
개별입지,삼원수출포장,054-475-0031,경상북도 구미시 해평면 강동로 2011-1,"목재 포장용 상자, 드럼 및 유사용기 제조업",4,경상북도 구미시청,054-480-5302,
개별입지,삼익정공,054-463-9198,경상북도 구미시 비산로5길 18-4 (비산동),주형 및 금형 제조업,11,경상북도 구미시청,054-480-5302,
개별입지,삼익정공,054-463-9198,경상북도 구미시 비산로5길 18-4 (비산동),주형 및 금형 제조업,11,경상북도 구미시청,054-480-5302,
개별입지,삼인시스템,,경상북도 구미시 비산로 41 (비산동),그 외 기타 특수목적용 기계 제조업 외 1 종,3,경상북도 구미시청,054-480-5302,
개별입지,삼일전자,054-453-8446,경상북도 구미시 형곡로 64 (형곡동),그외기타전자부품제조업,31,경상북도 구미시청,054-480-5302,
개별입지,삼정섬유,054-471-8467,경상북도 구미시 산동읍 봉산리 436-2번지,합성섬유 제조업,10,경상북도 구미시청,054-480-5302,
개별입지,삼지삼공(주)구미공장,054-481-0533,경상북도 구미시 고아읍 오로6길 1,그외기타전자부품제조업,38,경상북도 구미시청,054-480-5302,
개별입지,삼지섬유,,경상북도 구미시 산동읍 동곡3길 33,전자축전기 제조업,46,경상북도 구미시청,054-480-5302,
개별입지,삼진정공,054-482-1862,경상북도 구미시 고아읍 원대로20길 3,금속 스프링 제조업,10,경상북도 구미시청,054-480-5302,
개별입지,삼호테크놀로지,,경상북도 구미시 선산읍 동교5길 28-8 (우진산업제조업),그 외 기타 금속가공업,1,경상북도 구미시청,054-480-5302,
개별입지,삼흥전자산업,054-482-0405,경상북도 구미시 고아읍 포아로 916 외 1필지,그외기타전자부품제조업,10,경상북도 구미시청,054-480-5302,
개별입지,상언전자,054-481-6646,경상북도 구미시 선산읍 잿골길 13,"방송수신기및기타영상,음향기기제조업",40,경상북도 구미시청,054-480-5302,
개별입지,상우테크널러지,054-473-6977,경상북도 구미시 검성로 88-5 (황상동),주형 및 금형 제조업,6,경상북도 구미시청,054-480-5302,
개별입지,새한아그로,,경상북도 구미시 장천면 하장2길 96-17,복합비료 및 기타 화학비료 제조업,9,경상북도 구미시청,054-480-5302,
개별입지,서우산업(주),,경상북도 구미시 선산읍 북산6길 26,그 외 자동차용 신품 부품 제조업 외 3 종,85,경상북도 구미시청,054-480-5302,
개별입지,서울통상,054-473-5674,경상북도 구미시 장천면 상장6길 21-2,"기타 측정, 시험, 항해, 제어 및 정밀기기 제조업",4,경상북도 구미시청,054-480-5302,
개별입지,서진산업,,경상북도 구미시 선산읍 내고3길 85-30 (서진산업) 외 1필지,비금속류 해체 및 선별업 외 1 종,7,경상북도 구미시청,054-480-5302,
개별입지,서진하이테크,054-461-9189,경상북도 구미시 신비로 123-17 (비산동),일차전지 제조업 외 1 종,15,경상북도 구미시청,054-480-5302,
개별입지,선산농업협동조합,054-481-2281,경상북도 구미시 선산읍 조남로 159,곡물 도정업,11,경상북도 구미시청,054-480-5302,
개별입지,선우산업,054-482-8851,경상북도 구미시 옥성면 선상서로 514,컴퓨터입·출력장치및기타주변기기제조업,10,경상북도 구미시청,054-480-5302,
개별입지,선재정밀,054-474-9985,경상북도 구미시 해평면 오상4길 8,방송및무선통신기기제조업 외 1 종,25,경상북도 구미시청,054-480-5302,
개별입지,선주테크닉스,054-454-9927,경상북도 구미시 고아읍 송림2길 35 (선주전자공장),"탭, 밸브 및 유사장치 제조업",5,경상북도 구미시청,054-480-5302,
개별입지,선진E&D,054-455-1843,경상북도 구미시 비산로 61 (비산동),기타 가공 공작기계 제조업,5,경상북도 구미시청,054-480-5302,
개별입지,선진에프에스,054-482-7755,경상북도 구미시 봉곡북로5길 3 (봉곡동),기타 목재가구 제조업,3,경상북도 구미시청,054-480-5302,
개별입지,성미전자,054-481-7139,경상북도 구미시 고아읍 오로리 342-1번지,그외기타전자부품제조업,16,경상북도 구미시청,054-480-5302,
개별입지,성수기계공업,,경상북도 구미시 장천면 상장리 10-1번지 외 1필지 외 1필지,그 외 기타 1차 철강 제조업,6,경상북도 구미시청,054-480-5302,
개별입지,성안 DY전자,054-464-0029,경상북도 구미시 산동면 임천인덕로 287-21,그외기타전자부품제조업,35,경상북도 구미시청,054-480-5302,
개별입지,성우그린산업,054-474-1567,경상북도 구미시 장천면 장군로 216-43 (한국산업),혼성 및 재생 플라스틱 소재 물질 제조업,5,경상북도 구미시청,054-480-5302,
개별입지,성우엔지니어링,054-457-5022,경상북도 구미시 인동60길 6-17 (구평동),금속 절삭기계 제조업 외 1 종,10,경상북도 구미시청,054-480-5302,
개별입지,성우엔지니어링,054-462-9885,경상북도 구미시 신비로 157 (비산동),주형 및 금형 제조업,10,경상북도 구미시청,054-480-5302,
개별입지,성운MATERIALS,070-8256-9334,"경상북도 구미시 구미대로 350-27, 경북산학융합본부 406호 (신평동)",일반용 전기 조명장치 제조업,6,경상북도 구미시청,054-480-5302,
개별입지,성윤금형사,054-463-9310,경상북도 구미시 비산로7길 14-5 (비산동),주형 및 금형 제조업,10,경상북도 구미시청,054-480-5302,
개별입지,성일전자,054-473-1155,경상북도 구미시 여헌로10길 16 (인의동),방송및무선통신기기제조업,68,경상북도 구미시청,054-480-5302,
개별입지,성일전자(주),054-473-1155,"경상북도 구미시 수출대로33길 39 (인의동, 인동상가)",방송및무선통신기기제조업,65,경상북도 구미시청,054-480-5302,
개별입지,성진산업,054-454-1981,"경상북도 구미시 비산로 115-12 (비산동, 대한정밀)","방송수신기및기타영상,음향기기제조업",10,경상북도 구미시청,054-480-5302,
개별입지,성진정밀,054-461-7070,경상북도 구미시 신비로 163 (비산동),기타 가공 공작기계 제조업,6,경상북도 구미시청,054-480-5302,
개별입지,성창시스템,054-600-3773,"경상북도 구미시 산동읍 인덕1길 131, 경운대학교 창업보육센터 413호",기타 전기 변환장치 제조업 외 2 종,1,경상북도 구미시청,054-480-5302,
개별입지,성화수출포장,,경상북도 구미시 산동읍 옥계2공단로 636-5 (성화수출포장공장) (총 3 필지) 외 2필지,표면 가공 목재 및 특정 목적용 제재목 제조업,5,경상북도 구미시청,054-480-5302,
개별입지,세기바이오,054-463-7900,경상북도 구미시 금오대로 347 (오태동),기타 직물제품 제조업,6,경상북도 구미시청,054-480-5302,
개별입지,세명산업,054-476-8495,경상북도 구미시 산동읍 강동로 1089-18,주형 및 금형 제조업,12,경상북도 구미시청,054-480-5302,
개별입지,세양글라스,054-443-6264,경상북도 구미시 고아읍 대평길 204-1,판유리 제조업,6,경상북도 구미시청,054-480-5302,
개별입지,세왕화학,054-463-7701,경상북도 구미시 임은길 68 (임은동),고무패킹류 제조업 외 1 종,50,경상북도 구미시청,054-480-5302,
개별입지,세원정밀,054-475-1501,경상북도 구미시 장천면 신장2길 38,운송장비 조립용 플라스틱제품 제조업 외 1 종,30,경상북도 구미시청,054-480-5302,
개별입지,세원정보통신,,경상북도 구미시 선산대로 87-2 (지산동),배전반 및 전기 자동제어반 제조업 외 2 종,5,경상북도 구미시청,054-480-5302,
개별입지,세정정밀,054-444-3498,경상북도 구미시 고아읍 문성12길 29-11 세정정밀,주형 및 금형 제조업,6,경상북도 구미시청,054-480-5302,
개별입지,세종ENG,054-461-1433,경상북도 구미시 비산로3길 31 (비산동),구조용 금속 판제품 및 공작물 제조업,4,경상북도 구미시청,054-480-5302,
개별입지,세진ENG,054-461-0720,경상북도 구미시 신비로 153-13 (비산동),그 외 기타 금속가공업,6,경상북도 구미시청,054-480-5302,
개별입지,세진정밀,054-474-3206,경상북도 구미시 인동가산로 442-6 (구평동),주형 및 금형 제조업,2,경상북도 구미시청,054-480-5302,
개별입지,세창산업,054-482-2206,경상북도 구미시 고아읍 농공단지길 54-13,,20,경상북도 구미시청,054-480-5302,
개별입지,세화산업,,경상북도 구미시 옥성면 주아1길 18-8,기타 가공 공작기계 제조업,9,경상북도 구미시청,054-480-5302,
개별입지,세화전자,054-462-6142,"경상북도 구미시 상사동로24길 18 (사곡동, 라이프파크빌301동)",이동전화기 제조업,40,경상북도 구미시청,054-480-5302,
개별입지,소원섬유,,경상북도 구미시 장천면 상장리 560-5번지,화학섬유직물 직조업,3,경상북도 구미시청,054-480-5302,
개별입지,송림기계,054-454-1547,경상북도 구미시 고아읍 송평구길 14,발광 다이오드 제조업 외 1 종,15,경상북도 구미시청,054-480-5302,
개별입지,송학산업,054-471-8801,경상북도 구미시 장천면 여남1길 189 (송학산업공장) (총 6 필지) 외 5필지,설치용 및 위생용 플라스틱제품 제조업,4,경상북도 구미시청,054-480-5302,
개별입지,수강메디카(주),054-482-4554,경상북도 구미시 고아읍 원대로13길 66,의료용품 및 기타 의약 관련제품 제조업,16,경상북도 구미시청,054-480-5302,
개별입지,수정전자,054-482-4484,경상북도 구미시 고아읍 파산2길 19-15,그외기타전자부품제조업,12,경상북도 구미시청,054-480-5302,
개별입지,수형연사,054-481-8257,경상북도 구미시 선산읍 대조오목길 560-9,연사 및 가공사 제조업,13,경상북도 구미시청,054-480-5302,
개별입지,수호산업,054-464-6927,경상북도 구미시 신비로 143 (비산동),자동차용 금속 압형제품 제조업 외 1 종,14,경상북도 구미시청,054-480-5302,
개별입지,순자식품농업회사법인(주),,"경상북도 구미시 산동읍 인덕1길 131, 경운대학교 창업보육센터 414호","치약, 비누 및 기타 세제 제조업",1,경상북도 구미시청,054-480-5302,
개별입지,스마트테크놀리지,,"경상북도 구미시 황상동-110번지 3주공아파트상가 201호,202호,203호,204호, 207호","전기회로 개폐, 보호장치 제조업 외 1 종",11,경상북도 구미시청,054-480-5302,
개별입지,스웨이드코리아,,경상북도 구미시 산동읍 동백로 237,표면광택제 및 실내가향제 제조업,4,경상북도 구미시청,054-480-5302,
개별입지,승산전자산업,054-471-2816,경상북도 구미시 인동중앙로10길 15-3 (인의동),"방송수신기및기타영상,음향기기제조업",25,경상북도 구미시청,054-480-5302,
개별입지,승일테크,054-476-1775,경상북도 구미시 해평면 강동로 1302-53,그 외 기타 분류 안된 비금속 광물제품 제조업 외 3 종,4,경상북도 구미시청,054-480-5302,
개별입지,시대건재,054-471-5900,경상북도 구미시 장천면 상장5길 39,"콘크리트 타일, 기와, 벽돌 및 블록 제조업",3,경상북도 구미시청,054-480-5302,
개별입지,신성정밀,054-454-1547,경상북도 구미시 고아읍 송평구길 10,발광 다이오드 제조업 외 1 종,8,경상북도 구미시청,054-480-5302,
개별입지,신아소재(주),054-473-2961,경상북도 구미시 장천면 하장2길 125-13 (총 6 필지) 외 5필지,열간 압연 및 압출 제품 제조업,7,경상북도 구미시청,054-480-5302,
개별입지,신아정밀,054-456-5657,경상북도 구미시 고아읍 이례로 53,주형 및 금형 제조업,4,경상북도 구미시청,054-480-5302,
개별입지,신일전기,054-474-8646,경상북도 구미시 도개면 도안로 484,전동기 및 발전기 제조업,3,경상북도 구미시청,054-480-5302,
개별입지,신일전자,054-453-1605,경상북도 구미시 신시로7길 16 (형곡동),인쇄회로판제조업,12,경상북도 구미시청,054-480-5302,
개별입지,신진 에스엠,054-465-0473,경상북도 구미시 비산로3길 14-40 (비산동),그 외 기타 1차 철강 제조업,4,경상북도 구미시청,054-480-5302,
개별입지,신진가스텍(주),054-463-8600,경상북도 구미시 장천면 상장리 556-3번지,산업용 가스 제조업,11,경상북도 구미시청,054-480-5302,
개별입지,신진하이텍,054-481-6701,경상북도 구미시 선산읍 독동리 618번지,기타 인쇄업 외 1 종,12,경상북도 구미시청,054-480-5302,
개별입지,신평정밀,054-463-6058,경상북도 구미시 신비로 146 (비산동),기타 가공 공작기계 제조업,7,경상북도 구미시청,054-480-5302,
개별입지,신풍산업(주),043-833-1013,경상북도 구미시 해평면 강동로 2162-21 (영산유니콤),골판지 및 골판지상자 제조업 외 2 종,6,경상북도 구미시청,054-480-5302,
개별입지,신호정공,,경상북도 구미시 비산동 347-3번지,주형 및 금형 제조업,3,경상북도 구미시청,054-480-5302,
개별입지,신화에어플러스,054-472-0608,경상북도 구미시 산동읍 임천리 217-10번지,그 외 금속 압형제품 제조업,7,경상북도 구미시청,054-480-5302,
개별입지,신화정보통신,,경상북도 구미시 도봉로1길 8-8 (봉곡동),방송장비 제조업 외 4 종,4,경상북도 구미시청,054-480-5302,
개별입지,신흥공업사,054-454-8283,경상북도 구미시 고아읍 봉한4길 19,운송장비 조립용 플라스틱제품 제조업 외 1 종,3,경상북도 구미시청,054-480-5302,
개별입지,신흥인쇄소,054-452-9381,경상북도 구미시 신시로 56 (형곡동),경 인쇄업 외 1 종,6,경상북도 구미시청,054-480-5302,
개별입지,쌍진산업,054-454-1676,경상북도 구미시 고아읍 봉한4안길 15-10,"방송수신기및기타영상,음향기기제조업",10,경상북도 구미시청,054-480-5302,
개별입지,쓰리에스씨(주),,"경상북도 구미시 산동읍 인덕1길 131, 경운대학교 창업보육센터 306호",그 외 기타 전자부품 제조업,2,경상북도 구미시청,054-480-5302,
개별입지,씨에스엘(주),054-473-8963,경상북도 구미시 산동읍 적림3길 120,운송장비 조립용 플라스틱제품 제조업 외 1 종,8,경상북도 구미시청,054-480-5302,
개별입지,아노텍,,경상북도 구미시 왕산로5길 14-16 (임은동),그 외 기타 금속가공업,5,경상북도 구미시청,054-480-5302,
개별입지,아마노코리아(주)구미공장,054-444-0013,경상북도 구미시 봉곡로21길 21 (봉곡동),기타 물품 취급장비 제조업 외 2 종,8,경상북도 구미시청,054-480-5302,
개별입지,아원엔지니어링,054-474-6405,경상북도 구미시 산동읍 봉산리 1052-3번지,"전자기 측정, 시험 및 분석기구 제조업",12,경상북도 구미시청,054-480-5302,
개별입지,아이파이브,054-465-2855,경상북도 구미시 구미대로 350-27 (신평동) 3D프린팅제조혁신센터 305호,그 외 기타 전자부품 제조업,0,경상북도 구미시청,054-480-5302,
개별입지,아주산업,054-472-1962,경상북도 구미시 산동읍 강동로 902-4,"방송수신기및기타영상,음향기기제조업",5,경상북도 구미시청,054-480-5302,
개별입지,아토즈(ATOZ)미디어,054-465-0123,"경상북도 구미시 대학로 61, 벤처창업관 104호 (양호동, 금오공과대학교)",기체 여과기 제조업 외 1 종,1,경상북도 구미시청,054-480-5302,
개별입지,양지기계,054-465-5255,경상북도 구미시 1공단로4길 152 (임은동),기타 가공 공작기계 제조업,4,경상북도 구미시청,054-480-5302,
개별입지,양지정밀,054-452-7382,경상북도 구미시 고아읍 문성리 146-2번지,방송및무선통신기기제조업,18,경상북도 구미시청,054-480-5302,
개별입지,에드뷰,054-481-9501,경상북도 구미시 고아읍 이례리-472번지,컴퓨터입·출력장치및기타주변기기제조업,6,경상북도 구미시청,054-480-5302,
개별입지,에스씨에이젝스,,경상북도 구미시 고아읍 대평14길 58,배전반 및 전기 자동제어반 제조업,4,경상북도 구미시청,054-480-5302,
개별입지,에이원이엔지,054-462-1296,경상북도 구미시 비산로3길 14-40 (비산동),그 외 기타 일반목적용 기계 제조업 외 1 종,7,경상북도 구미시청,054-480-5302,
개별입지,에코라이팅,054-453-3145,경상북도 구미시 야은로 37 (부곡동) 309호(구미대학교 벤처관),일반용 전기 조명장치 제조업,2,경상북도 구미시청,054-480-5302,
개별입지,에프아이티,070-7119-5225,경상북도 구미시 산동읍 임봉길 19-564,그 외 기타 분류 안된 섬유제품 제조업,1,경상북도 구미시청,054-480-5302,
개별입지,엔씨텍,070-7449-9336,경상북도 구미시 산동읍 인덕리 55번지 경운대학교 2호관 1104동 2호,기타 주변기기 제조업,5,경상북도 구미시청,054-480-5302,
개별입지,엘루미엔텍,054-475-8241,"경상북도 구미시 대학로 61, 벤처창업관 214 (거의동, 금오공과대학교)",그 외 기타 전자부품 제조업 외 2 종,4,경상북도 구미시청,054-480-5302,
개별입지,엘케이 일렉트릭,054-451-9766,경상북도 구미시 형곡로39길 17 (형곡동),절연 코드세트 및 기타 도체 제조업 외 3 종,5,경상북도 구미시청,054-480-5302,
개별입지,엘케이(LK),,경상북도 구미시 상사동로 83 (임은동),이동전화기 제조업,13,경상북도 구미시청,054-480-5302,
개별입지,엠앤티코리아,054-471-8211,경상북도 구미시 장천면 강동로 493-5,"물질 검사, 측정 및 분석기구 제조업",8,경상북도 구미시청,054-480-5302,
개별입지,엠큐테크,054-478-6951,"경상북도 구미시 대학로 61, 이오스관 303호 (양호동)",일차전지 제조업 외 2 종,1,경상북도 구미시청,054-480-5302,
개별입지,영광공업(주),054-463-5747,경상북도 구미시 왕산로5길 7 (임은동),강화 및 재생 목재 제조업,8,경상북도 구미시청,054-480-5302,
개별입지,영남수지공업사,054-473-2872,경상북도 구미시 장천면 학신로 278-1,합성수지 및 기타 플라스틱 물질 제조업,4,경상북도 구미시청,054-480-5302,
개별입지,영농조합법인 양포식품,054-471-3737,"경상북도 구미시 4공단로6길 29 (구포동, 구포동김치공장)",김치류 제조업 외 1 종,7,경상북도 구미시청,054-480-5302,
개별입지,영원전자(주),054-461-8652,경상북도 구미시 신비로 123-17 (비산동),그외기타전자부품제조업,23,경상북도 구미시청,054-480-5302,
개별입지,영진테크,054-473-8058,경상북도 구미시 산동읍 옥계2공단로 651-5,주형 및 금형 제조업,6,경상북도 구미시청,054-480-5302,
개별입지,영창엔지니어링,054-464-5114,경상북도 구미시 오태3길 74 (오태동),절삭가공 및 유사처리업,5,경상북도 구미시청,054-480-5302,
개별입지,영풍전자,054-481-3659,경상북도 구미시 선산읍 동교길 12,"방송수신기및기타영상,음향기기제조업",49,경상북도 구미시청,054-480-5302,
개별입지,예림사,054-456-0234,경상북도 구미시 고아읍 이례로 34 (총 2 필지) 외 1필지,메모리용 전자집적회로 제조업 외 1 종,20,경상북도 구미시청,054-480-5302,
개별입지,예스지엠,070-7695-5889,경상북도 구미시 1공단로4길 166 (임은동),구조용 금속 판제품 및 공작물 제조업 외 3 종,3,경상북도 구미시청,054-480-5302,
개별입지,예쓸,054-471-8706,경상북도 구미시 지주중류4길 5-4 (오태동),그 외 기타 전자부품 제조업,2,경상북도 구미시청,054-480-5302,
개별입지,오가정미소,054-482-9156,경상북도 구미시 무을면 오가리 516-1번지,곡물 도정업,3,경상북도 구미시청,054-480-5302,
개별입지,오상정미소,054-474-4129,경상북도 구미시 해평면 강동로 1581 (오상정미소) (총 2 필지) 외 1필지,곡물 도정업,4,경상북도 구미시청,054-480-5302,
개별입지,오성하이테크,054-461-0209,경상북도 구미시 임은길 55-16 (임은동),절연 코드세트 및 기타 도체 제조업,12,경상북도 구미시청,054-480-5302,
개별입지,옥성석재,054-481-0610,경상북도 구미시 옥성면 선상동로 957 (총 2 필지) 외 1필지,건설용 석제품 제조업 외 1 종,2,경상북도 구미시청,054-480-5302,
개별입지,와이비플라텍,054-0475-2530,경상북도 구미시 장천면 장군로 216-60 외 1필지,비금속류 해체 및 선별업 외 3 종,3,경상북도 구미시청,054-480-5302,
개별입지,와이케이랜드,,경상북도 구미시 장천면 여남리 880번지 외 1필지 외 1필지,비금속류 해체 및 선별업 외 1 종,3,경상북도 구미시청,054-480-5302,
개별입지,우성실업,054-471-3693,경상북도 구미시 장천면 강동로 99-93 (총 2 필지) 외 1필지,전자축전기 제조업,20,경상북도 구미시청,054-480-5302,
개별입지,우성전자,054-482-1598,경상북도 구미시 선산읍 동교3길 28-7,"방송수신기및기타영상,음향기기제조업",22,경상북도 구미시청,054-480-5302,
개별입지,우성정밀,054-464-0709,경상북도 구미시 오태동 0번지 37B 2L,방송및무선통신기기제조업,25,경상북도 구미시청,054-480-5302,
개별입지,우신정밀,054-482-2266,경상북도 구미시 고아읍 대망리 822-59번지,주형 및 금형 제조업,11,경상북도 구미시청,054-480-5302,
개별입지,우암정밀,,경상북도 구미시 비산로3길 41 (비산동) (총 2 필지) 외 1필지,주형 및 금형 제조업,45,경상북도 구미시청,054-480-5302,
개별입지,우진산업(주),054-458-4248,경상북도 구미시 고아읍 문성12길 29-13,그 외 기타 봉제의복 제조업,25,경상북도 구미시청,054-480-5302,
개별입지,원진산업,054-482-5118,경상북도 구미시 고아읍 파산리 262-2번지,그 외 기타 금속가공업,10,경상북도 구미시청,054-480-5302,
개별입지,원진정밀,054-463-4600,경상북도 구미시 비산로 79-10 (비산동),기타 가공 공작기계 제조업,6,경상북도 구미시청,054-480-5302,
개별입지,원창중전기 주식회사,054-471-2370,경상북도 구미시 해평면 괴곡3길 81,전동기 및 발전기 제조업 외 1 종,9,경상북도 구미시청,054-480-5302,
개별입지,위드코리아,054-604-0079,경상북도 구미시 고아읍 예강3길 12-12,경 인쇄업 외 4 종,7,경상북도 구미시청,054-480-5302,
개별입지,윈 엔지니어링,054-975-0460,경상북도 구미시 고아읍 대망리 759번지,그외기타전자부품제조업,2,경상북도 구미시청,054-480-5302,
개별입지,윈엔지니어링(주),054-472-1411,경상북도 구미시 장천면 신장6길 40,그 외 기타 특수목적용 기계 제조업 외 1 종,7,경상북도 구미시청,054-480-5302,
개별입지,윈즈(WINDS),054-473-3407,"경상북도 구미시 대학로 61 (양호동, 금오공과대학교) 벤처창업관 407호 외 1필지",그 외 기타 전기장비 제조업,5,경상북도 구미시청,054-480-5302,
개별입지,윌시스템(주),054-451-9836,경상북도 구미시 비산로 115-18 (비산동),절연 코드세트 및 기타 도체 제조업 외 2 종,9,경상북도 구미시청,054-480-5302,
개별입지,유성기계,054-473-4245,경상북도 구미시 산동읍 신당리 557번지,주형 및 금형 제조업,10,경상북도 구미시청,054-480-5302,
개별입지,유성자원,,경상북도 구미시 장천면 학신로 172 (총 3 필지) 외 2필지,골판지 제조업 외 1 종,5,경상북도 구미시청,054-480-5302,
개별입지,유신산업,054-463-0535,경상북도 구미시 비산로3길 12 (비산동),"금속 문, 창, 셔터 및 관련제품 제조업",8,경상북도 구미시청,054-480-5302,
개별입지,유영기공,054-482-6364,경상북도 구미시 선산읍 김선로 600-24,엘리베이터및컨베이어장치제조업,3,경상북도 구미시청,054-480-5302,
개별입지,유인PLUS ENG,054-462-1990,경상북도 구미시 비산로1안길 23 (비산동),그 외 기타 일반목적용 기계 제조업 외 1 종,1,경상북도 구미시청,054-480-5302,
개별입지,유지씨 주식회사,054-462-7704,경상북도 구미시 금오대로 493 (임은동),운송장비 조립용 플라스틱제품 제조업 외 3 종,2,경상북도 구미시청,054-480-5302,
개별입지,유창포장(주),054-463-4267,경상북도 구미시 비산로5안길 10 (비산동),골판지 제조업 외 1 종,30,경상북도 구미시청,054-480-5302,
개별입지,이레정밀,054-461-8291,경상북도 구미시 신비로 135-6 (비산동),절삭가공 및 유사처리업,7,경상북도 구미시청,054-480-5302,
개별입지,이수전자부품,054-977-9544,"경상북도 구미시 산동읍 인덕1길 131, 경운대학교 창업보육센터 404호",인쇄회로기판용 적층판 제조업 외 2 종,1,경상북도 구미시청,054-480-5302,
개별입지,이오텍,,경상북도 구미시 야은로 37 (부곡동) 구미대학교 창업보육센터 벤처관 105호,그 외 기타 전자부품 제조업,2,경상북도 구미시청,054-480-5302,
개별입지,이지테크노(주),054-463-6763,경상북도 구미시 구미대로 280-15 (광평동),배전반 및 전기 자동제어반 제조업,8,경상북도 구미시청,054-480-5302,
개별입지,이화기계,054-454-8461,경상북도 구미시 고아읍 송평구길 14,금속 절삭기계 제조업,6,경상북도 구미시청,054-480-5302,
개별입지,인베닉스,054-482-0727,경상북도 구미시 고아읍 원호리 478 번지 외 2필지,반도체 제조용 기계 제조업 외 1 종,5,경상북도 구미시청,054-480-5302,
개별입지,인소팩(주),054-473-1231,"경상북도 구미시 인동20길 5, MHK빌딩 202호 (진평동)",기타 무선 통신장비 제조업,15,경상북도 구미시청,054-480-5302,
개별입지,일동전자,054-482-1122,경상북도 구미시 고아읍 농공단지길 35-28,,36,경상북도 구미시청,054-480-5302,
개별입지,일상전자,054-482-9463,경상북도 구미시 고아읍 외예6길 29 (일상전자공장) (총 2 필지) 외 1필지,그 외 기타 플라스틱 제품 제조업,5,경상북도 구미시청,054-480-5302,
개별입지,일선비닐공업사,054-471-8958,경상북도 구미시 장천면 신장리 70번지,합성수지 및 기타 플라스틱 물질 제조업,10,경상북도 구미시청,054-480-5302,
개별입지,일선사,054-453-5054,경상북도 구미시 산책길 33-4 (원평동),귀금속 및 관련제품 제조업,15,경상북도 구미시청,054-480-5302,
개별입지,일선전자,054-441-2277,경상북도 구미시 고아읍 오로리 산 24-6번지,"방송수신기및기타영상,음향기기제조업",16,경상북도 구미시청,054-480-5302,
개별입지,일선케미칼,054-471-8958,경상북도 구미시 장천면 학신로 278-21,플라스틱 필름 제조업 외 1 종,4,경상북도 구미시청,054-480-5302,
개별입지,일성기업,054-471-3768,경상북도 구미시 산동읍 동백로 249,그 외 기타 1차 철강 제조업 외 2 종,5,경상북도 구미시청,054-480-5302,
개별입지,일신사,054-452-0561,경상북도 구미시 남통동 24-4번지,주형 및 금형 제조업,18,경상북도 구미시청,054-480-5302,
개별입지,일신엔지니어링프라스틱,054-482-1922,경상북도 구미시 고아읍 원대로13길 45-16,비금속류 해체 및 선별업 외 1 종,7,경상북도 구미시청,054-480-5302,
개별입지,일양전자,054-471-4466,경상북도 구미시 산동읍 임천인덕로 278,플라스틱 접착처리 제품 제조업 외 1 종,7,경상북도 구미시청,054-480-5302,
개별입지,일원전기,054-474-5563,경상북도 구미시 장천면 묵어길 5,가정용전열기기제조업,4,경상북도 구미시청,054-480-5302,
개별입지,일월정밀(주),054-444-1793,경상북도 구미시 비산로 41 (비산동),일반철물 제조업 외 1 종,2,경상북도 구미시청,054-480-5302,
개별입지,일월정밀(주),054-444-1974,"경상북도 구미시 왕산로 71-10, A동 (임은동)",구조용 금속 판제품 및 공작물 제조업 외 4 종,1,경상북도 구미시청,054-480-5302,
개별입지,일품청,054-481-5777,경상북도 구미시 선산읍 북산6길 14-33,장류 제조업,7,경상북도 구미시청,054-480-5302,
개별입지,장안레미콘(주),054-0455-1000,경상북도 구미시 고아읍 선산대로 630-10,레미콘 제조업,15,경상북도 구미시청,054-480-5302,
개별입지,정문정보(주)구미지점,054-463-8586,경상북도 구미시 임은길 36 (임은동),기타 인쇄업 외 2 종,15,경상북도 구미시청,054-480-5302,
개별입지,정석기계,054-461-0444,경상북도 구미시 비산로3길 43 (비산동),그외기타분류안된특수목적용기계제조업,7,경상북도 구미시청,054-480-5302,
개별입지,정수테크,054-476-1510,경상북도 구미시 산동읍 성수1길 23 외 16필지,액체 여과기 제조업,5,경상북도 구미시청,054-480-5302,
개별입지,정현산업,054-481-0773,경상북도 구미시 고아읍 오로6길 19,그 외 기타 의료용 기기 제조업 외 1 종,8,경상북도 구미시청,054-480-5302,
개별입지,제일방전,,경상북도 구미시 비산로 115-2 (비산동),절삭가공 및 유사처리업,5,경상북도 구미시청,054-480-5302,
개별입지,제일정공,,경상북도 구미시 장천면 신장4길 72,주형 및 금형 제조업,1,경상북도 구미시청,054-480-5302,
개별입지,제일정보통신(주),054-457-7008,경상북도 구미시 화신로 60 (광평동),방송장비 제조업 외 9 종,10,경상북도 구미시청,054-480-5302,
개별입지,제일콘크리트,054-482-3334,경상북도 구미시 고아읍 포아로 732,"콘크리트 타일, 기와, 벽돌 및 블록 제조업",5,경상북도 구미시청,054-480-5302,
개별입지,조광전자,054-471-9363,경상북도 구미시 산동읍 동백로 237,그외기타전자부품제조업,5,경상북도 구미시청,054-480-5302,
개별입지,주) 서 진,054-482-1670,경상북도 구미시 고아읍 포아로 891,주형 및 금형 제조업,8,경상북도 구미시청,054-480-5302,
개별입지,주)베스트로지스 제2공장,054-471-8730,경상북도 구미시 산동읍 인덕리 산 27-3번지,"전자코일, 변성기 및 기타 전자 유도자 제조업",4,경상북도 구미시청,054-480-5302,
개별입지,주)세바,054-712-5100,경상북도 구미시 옥성면 선상동로 649,그 외 기타 전자부품 제조업 외 1 종,7,경상북도 구미시청,054-480-5302,
개별입지,주)씨엠티,,경상북도 구미시 고아읍 파산3길 47,금속류 해체 및 선별업 외 1 종,25,경상북도 구미시청,054-480-5302,
개별입지,주)옵티켐,,경상북도 구미시 장천면 학신로 246-16,비금속류 해체 및 선별업 외 1 종,5,경상북도 구미시청,054-480-5302,
개별입지,주)칠칠공사,054-465-7704,경상북도 구미시 금오대로 493 (임은동),일반용 도료 및 관련제품 제조업,9,경상북도 구미시청,054-480-5302,
개별입지,주)큐렉스,,경상북도 구미시 장천면 상림리 21-1번지,절삭가공 및 유사처리업,9,경상북도 구미시청,054-480-5302,
개별입지,주공수지산업사,054-472-6145,경상북도 구미시 장천면 학신로 278-1,합성수지 및 기타 플라스틱 물질 제조업,6,경상북도 구미시청,054-480-5302,
개별입지,주식회사 금오콘크리트,054-471-1222,경상북도 구미시 도개면 도안로 476 외 3필지,"콘크리트 타일, 기와, 벽돌 및 블록 제조업 외 1 종",8,경상북도 구미시청,054-480-5302,
개별입지,주식회사 네콘,054-465-9923,"경상북도 구미시 구미대로 350-27 (신평동) 3D프린팅제조혁신센터 302,310,311호",그 외 기타 전자부품 제조업,15,경상북도 구미시청,054-480-5302,
개별입지,주식회사 다락방,054-604-5880,경상북도 구미시 4공단로14길 7 (금전동),디지털 적층 성형기계 제조업,5,경상북도 구미시청,054-480-5302,
개별입지,주식회사 다원디스플레이,054-471-5325,경상북도 구미시 장천면 하장리 150번지,컴퓨터 모니터 제조업,4,경상북도 구미시청,054-480-5302,
개별입지,주식회사 동은전지,054-475-5160,경상북도 구미시 장천면 강동로 493-1,기타 전기 변환장치 제조업,3,경상북도 구미시청,054-480-5302,
개별입지,주식회사 동진,054-441-0129,경상북도 구미시 봉곡북로 48 (봉곡동),운송장비 조립용 플라스틱제품 제조업 외 1 종,12,경상북도 구미시청,054-480-5302,
개별입지,주식회사 디에스이노텍,054-461-0306,경상북도 구미시 신비로 153-25 (비산동),금속 가구 제조업,4,경상북도 구미시청,054-480-5302,
개별입지,주식회사 루맷,054-473-3520,경상북도 구미시 해평면 도신로 162-40 외 1필지,포장용 플라스틱 성형용기 제조업,12,경상북도 구미시청,054-480-5302,
개별입지,주식회사 삼정테크,054-474-4720,경상북도 구미시 장천면 묵어1길 73 외 1필지,주형 및 금형 제조업,7,경상북도 구미시청,054-480-5302,
개별입지,주식회사 세동푸드,054-461-3484,경상북도 구미시 오태3길 21 (오태동),수산동물 냉동품 제조업,10,경상북도 구미시청,054-480-5302,
개별입지,주식회사 수호테크,,경상북도 구미시 수출대로35길 8-14 (인의동) 나동,일반용 전기 조명장치 제조업 외 2 종,0,경상북도 구미시청,054-480-5302,
개별입지,주식회사 알엔씨,054-463-9923,"경상북도 구미시 구미대로 350-27, 303호(쓰리디프린텡제조혁신센터)(신평동)",그 외 기타 전자부품 제조업,6,경상북도 구미시청,054-480-5302,
개별입지,주식회사 에스제이지알피,054-474-9307,경상북도 구미시 장천면 상장리 2번지,합성수지선 건조업 외 1 종,3,경상북도 구미시청,054-480-5302,
개별입지,주식회사 엔디디,054-465-8207,"경상북도 구미시 구미대로 350-27, IT의료융합기술센터 301호외 (신평동)",의료용품 및 기타 의약 관련제품 제조업,11,경상북도 구미시청,054-480-5302,
개별입지,주식회사 엘텍,054-478-6751,경상북도 구미시 대학로 61 (양호동)  119호(거의동 벤처창업관),기타 직물제품 제조업,4,경상북도 구미시청,054-480-5302,
개별입지,주식회사 영인,054-475-9839,경상북도 구미시 장천면 장군로 165,육상 금속 골조 구조재 제조업 외 1 종,4,경상북도 구미시청,054-480-5302,
개별입지,주식회사 예스팩,054-475-8384,경상북도 구미시 장천면 신장2길 44,골판지 제조업,12,경상북도 구미시청,054-480-5302,
개별입지,주식회사 와우쓰리디(WOW3D),054-464-3137,경상북도 구미시 구미대로 350-27 (신평동) 금오공과대학교 신평동캠퍼스 쓰리디프린팅제조혁신센터 304호,디지털 적층 성형기계 제조업,3,경상북도 구미시청,054-480-5302,
개별입지,주식회사 제너그린,054-716-1472,경상북도 구미시 산동읍 강동로 677,의료용품 및 기타 의약 관련제품 제조업 외 1 종,3,경상북도 구미시청,054-480-5302,
개별입지,주식회사 제이디이엔지,054-462-8560,경상북도 구미시 비산로3길 42 (비산동),이동전화기 제조업 외 1 종,8,경상북도 구미시청,054-480-5302,
개별입지,주식회사 지아이텍,054-971-8263,경상북도 구미시 산호대로 1210 (금전동),공기 조화장치 제조업,20,경상북도 구미시청,054-480-5302,
개별입지,주식회사 카이디어,,"경상북도 구미시 구미대로 350-27, 3D프린팅제조혁신센터 305호 (신평동)",디지털 적층 성형기계 제조업,4,경상북도 구미시청,054-480-5302,
개별입지,주식회사 켐토피아,02-826-9100,"경상북도 구미시 산동읍 인덕1길 131, 107호(경운대학교 창업보육센터)",무인 항공기 및 무인 비행장치 제조업,4,경상북도 구미시청,054-480-5302,
개별입지,주식회사 티엘비즈,054-465-5571,"경상북도 구미시 구미대로 350-27, 308호 (신평동)",디지털 적층 성형기계 제조업,2,경상북도 구미시청,054-480-5302,
개별입지,주식회사 포시즌,,"경상북도 구미시 산동읍 인덕1길 131, 경운대학교 창업보육센터 104호",침구 및 관련제품 제조업,3,경상북도 구미시청,054-480-5302,
개별입지,주식회사 한영엔지니어링,054-442-9886,경상북도 구미시 선산읍 봉곡리 240-1번지 외 1필지,기기용 자동측정 및 제어장치 제조업,7,경상북도 구미시청,054-480-5302,
개별입지,주식회사 현대그린엘이디,054-600-5909,경상북도 구미시 고아읍 원대로 405-4,일반용 전기 조명장치 제조업 외 2 종,6,경상북도 구미시청,054-480-5302,
개별입지,주식회사지그테크,054-461-6476,경상북도 구미시 왕산로5길 6 (임은동),기타 가공 공작기계 제조업,11,경상북도 구미시청,054-480-5302,
개별입지,주식회사티앤피,054-714-3590,경상북도 구미시 금오대로24길 16 (오태동),무기 및 총포탄 제조업 외 22 종,39,경상북도 구미시청,054-480-5302,
개별입지,주은산업,054-472-6409,경상북도 구미시 장천면 장천상림3길 77-3,비금속류 해체 및 선별업 외 1 종,5,경상북도 구미시청,054-480-5302,
개별입지,주일지함 공업사,054-453-6117,경상북도 구미시 고아읍 대평6길 85,골판지 제조업 외 1 종,9,경상북도 구미시청,054-480-5302,
개별입지,주형정공,054-461-9008,경상북도 구미시 비산로5안길 15-2 (비산동),"방송수신기및기타영상,음향기기제조업",12,경상북도 구미시청,054-480-5302,
개별입지,중앙플라스틱,,경상북도 구미시 고아읍 파산2길 52,비금속류 해체 및 선별업 외 1 종,5,경상북도 구미시청,054-480-5302,
개별입지,지.텍(주),054-465-4211,경상북도 구미시 오태1길 18-17 (오태동),반도체제조용기계제조업,27,경상북도 구미시청,054-480-5302,
개별입지,지노피아,,경상북도 구미시 금오대로20길 48 (오태동),이동전화기 제조업,26,경상북도 구미시청,054-480-5302,
개별입지,지디이,070-7781-8274,경상북도 구미시 강동로 677 (산동읍) 1층,비디오 및 기타 영상기기 제조업,5,경상북도 구미시청,054-480-5302,
개별입지,지산수지,,경상북도 구미시 고아읍 파산2길 57 (지산수지공장),비금속류 해체 및 선별업 외 1 종,3,경상북도 구미시청,054-480-5302,
개별입지,지성테크,054-473-5549,경상북도 구미시 여헌로6길 11-2 (인의동),그외기타분류안된특수목적용기계제조업,5,경상북도 구미시청,054-480-5302,
개별입지,지엠스틸주식회사,054-457-8444,경상북도 구미시 비산로5길 46 (비산동),그 외 기타 1차 철강 제조업,6,경상북도 구미시청,054-480-5302,
개별입지,지유엠아이씨(주),054-475-3905,"경상북도 구미시 대학로 61, 금오공대 벤처창업관 408호 (양호동, 금오공과대학교)",그 외 자동차용 신품 부품 제조업 외 4 종,1,경상북도 구미시청,054-480-5302,
개별입지,진경전자,054-482-1654,경상북도 구미시 고아읍 대망리 822-59번지,금속 스프링 제조업,6,경상북도 구미시청,054-480-5302,
개별입지,진미식품,054-482-3640,경상북도 구미시 선산읍 선상서로 198,기타육지동물고기가공및저장처리업,30,경상북도 구미시청,054-480-5302,
개별입지,진산산업,054-482-6388,경상북도 구미시 고아읍 포아로 980-13,광물처리 및 취급장비 제조업,15,경상북도 구미시청,054-480-5302,
개별입지,진산크라텍,054-482-6388,경상북도 구미시 고아읍 파산리 164번지 외 3필지,광물처리 및 취급장비 제조업,5,경상북도 구미시청,054-480-5302,
개별입지,진성시스템,054-473-0875,경상북도 구미시 산동읍 강동로 836-21 (진성시스템),"전자기 측정, 시험 및 분석기구 제조업",7,경상북도 구미시청,054-480-5302,
개별입지,진영ENG,054-462-9326,"경상북도 구미시 오태3길 48 (오태동, 새길산업공장)",구조용 금속 판제품 및 공작물 제조업,5,경상북도 구미시청,054-480-5302,
개별입지,진우수산,054-461-3484,경상북도 구미시 오태3길 19 (오태동),기타 수산동물 가공 및 저장 처리업,40,경상북도 구미시청,054-480-5302,
개별입지,진혜수지,,경상북도 구미시 장천면 장군로 216-62,비금속류 해체 및 선별업 외 1 종,5,경상북도 구미시청,054-480-5302,
개별입지,참숯마을,054-474-3639,경상북도 구미시 장천면 장군로 297,천연수지 및 나무 화학물질 제조업 외 1 종,4,경상북도 구미시청,054-480-5302,
개별입지,창성정밀,054-472-0589,경상북도 구미시 산동읍 임천인덕로 252,주형 및 금형 제조업,9,경상북도 구미시청,054-480-5302,
개별입지,창원산업(주),054-481-1085,경상북도 구미시 무을면 원리 산 54-2번지,기타자동차부품제조업,20,경상북도 구미시청,054-480-5302,
개별입지,청구기업,054-464-2429,경상북도 구미시 오태3길 86 (오태동) (총 2 필지) 외 1필지,구조용 금속 판제품 및 공작물 제조업,6,경상북도 구미시청,054-480-5302,
개별입지,청림숯굴,054-474-0804,경상북도 구미시 장천면 금산리 산 4-2번지,천연수지 및 나무 화학물질 제조업 외 1 종,5,경상북도 구미시청,054-480-5302,
개별입지,청송섬유,054-482-3716,경상북도 구미시 선산읍 대조오목길 566-6,기타 방적업 외 1 종,10,경상북도 구미시청,054-480-5302,
개별입지,청우디지털정보통신,054-442-6634,경상북도 구미시 형곡동로 60-1 (형곡동),"방송수신기및기타영상,음향기기제조업 외 2 종",4,경상북도 구미시청,054-480-5302,
개별입지,케이디에스,054-476-1412,"경상북도 구미시 대학로 61, 금오공과대학교 이오스관119호 (양호동)",디스플레이 제조용 기계 제조업,4,경상북도 구미시청,054-480-5302,
개별입지,케이에스정공,054-474-3901,경상북도 구미시 장천면 신장6길 53-26,그 외 기타 전자부품 제조업 외 1 종,7,경상북도 구미시청,054-480-5302,
개별입지,케이엠리싸이클링,,경상북도 구미시 장천면 장군로 216-62,비금속류 해체 및 선별업 외 1 종,5,경상북도 구미시청,054-480-5302,
개별입지,케이폴리머(주),054-474-3445,경상북도 구미시 장천면 여남1길 179 (총 3 필지) 외 2필지,비금속류 해체 및 선별업 외 1 종,4,경상북도 구미시청,054-480-5302,
개별입지,코닉스,,경상북도 구미시 박정희로27길 28 (광평동),기타 전기 변환장치 제조업 외 2 종,2,경상북도 구미시청,054-480-5302,
개별입지,태광엔지니어링,054-476-6625,경상북도 구미시 장천면 장천상림3길 57-10,기타 무선 통신장비 제조업,35,경상북도 구미시청,054-480-5302,
개별입지,태광플라스틱,054-475-0147,경상북도 구미시 장천면 신장리 70-2번지,합성수지 및 기타 플라스틱 물질 제조업,4,경상북도 구미시청,054-480-5302,
개별입지,태남기계,054-461-5051,경상북도 구미시 비산로7길 20-4 (비산동),산업처리공정 제어장비 제조업,18,경상북도 구미시청,054-480-5302,
개별입지,태동산업,054-471-3611,경상북도 구미시 산동읍 성림길 35-2,비금속류 해체 및 선별업 외 1 종,8,경상북도 구미시청,054-480-5302,
개별입지,태명테크,,경상북도 구미시 장천면 하장리 6-1번지,육상 금속 골조 구조재 제조업 외 3 종,5,경상북도 구미시청,054-480-5302,
개별입지,태성화학,054-482-4013,경상북도 구미시 고아읍 파산2길 45,운송장비 조립용 플라스틱제품 제조업 외 1 종,17,경상북도 구미시청,054-480-5302,
개별입지,태양사,054-462-6646,경상북도 구미시 임수로 83 (임수동),그외기타전자부품제조업,10,경상북도 구미시청,054-480-5302,
개별입지,태영정밀공업사,,경상북도 구미시 산동읍 봉산리 435-1번지,그외기타전자부품제조업,10,경상북도 구미시청,054-480-5302,
개별입지,태원정밀,054-461-3924,"경상북도 구미시 비산로 115-12 (비산동, 대한정밀)",정형외과용 및 신체보정용 기기 제조업 외 1 종,6,경상북도 구미시청,054-480-5302,
개별입지,테크밸리,,"경상북도 구미시 부곡1길 38-4, 구미1대학 창업보육센터 (부곡동)","물질 검사, 측정 및 분석기구 제조업",6,경상북도 구미시청,054-480-5302,
개별입지,토탈중장비,054-461-5966,경상북도 구미시 왕산로3길 8 (임은동) (총 2 필지) 외 1필지,건설 및 채광용 기계장비 제조업,3,경상북도 구미시청,054-480-5302,
개별입지,트리오테크,054-481-0402,경상북도 구미시 고아읍 포아로 885,주형 및 금형 제조업,11,경상북도 구미시청,054-480-5302,
개별입지,파워테크,054-465-7834,경상북도 구미시 산동읍 강동로 816-32 ((주)엠엔티전자),주형 및 금형 제조업,15,경상북도 구미시청,054-480-5302,
개별입지,퍼트코리아,,경상북도 구미시 장천면 하장2길 96-15,복합비료 및 기타 화학비료 제조업,9,경상북도 구미시청,054-480-5302,
개별입지,평화정밀,054-461-0432,경상북도 구미시 비산로5길 44 (비산동),반도체제조용기계제조업 외 1 종,5,경상북도 구미시청,054-480-5302,
개별입지,평화케미칼,054-473-9490,경상북도 구미시 장천면 장천상림3길 59 (덕성산업),비금속류 해체 및 선별업 외 1 종,2,경상북도 구미시청,054-480-5302,
개별입지,포성정밀,054-462-8478,경상북도 구미시 비산로7길 7 (비산동),주형 및 금형 제조업,9,경상북도 구미시청,054-480-5302,
개별입지,포유테크,054-463-5537,경상북도 구미시 비산로 115-6 (비산동),절삭가공 및 유사처리업,3,경상북도 구미시청,054-480-5302,
개별입지,푸리선식,,경상북도 구미시 봉곡서로11안길 5-12(봉곡동),곡물 제분업,2,경상북도 구미시청,054-480-5302,
개별입지,풍천산업,054-472-8942,경상북도 구미시 산동읍 성수4길 54,,11,경상북도 구미시청,054-480-5302,
개별입지,플러스테크,054-474-9377,경상북도 구미시 산동읍 성수리 156-3번지 외 3필지,액체 여과기 제조업,5,경상북도 구미시청,054-480-5302,
개별입지,하나산업,,경상북도 구미시 산동읍 적림3길 116,비금속류 해체 및 선별업 외 1 종,5,경상북도 구미시청,054-480-5302,
개별입지,하나테크,,경상북도 구미시 비산로7길 26-8 (비산동),절삭가공 및 유사처리업,5,경상북도 구미시청,054-480-5302,
개별입지,하나테크(주),054-454-9009,경상북도 구미시 송정대로 121-5 (송정동),"전자기 측정, 시험 및 분석기구 제조업",14,경상북도 구미시청,054-480-5302,
개별입지,하나텍,054-472-0322,경상북도 구미시 인동가산로 442-10 (구평동),방송및무선통신기기제조업,4,경상북도 구미시청,054-480-5302,
개별입지,하나텔,054-457-1022,경상북도 구미시 형곡로 32-5 (형곡동),이동전화기 제조업,14,경상북도 구미시청,054-480-5302,
개별입지,하나파워,054-442-0912,"경상북도 구미시 봉곡북로 37, 2층 (봉곡동)",전동기 및 발전기 제조업,5,경상북도 구미시청,054-480-5302,
개별입지,하나플랜트,,경상북도 구미시 장천면 학신로 243,기체 여과기 제조업,10,경상북도 구미시청,054-480-5302,
개별입지,하늘,054-482-7764,경상북도 구미시 선산읍 유학15길 30,기타 건축용 나무제품 제조업 외 2 종,4,경상북도 구미시청,054-480-5302,
개별입지,하송공조DUCT,054-461-5803,경상북도 구미시 산동읍 성수4길 11,구조용 금속 판제품 및 공작물 제조업,4,경상북도 구미시청,054-480-5302,
개별입지,하은에너지기술,054-476-2391,"경상북도 구미시 산동읍 인덕1길 131, 경운대학교 창업보육센터 309",그 외 기타 전자부품 제조업 외 1 종,2,경상북도 구미시청,054-480-5302,
개별입지,한국기전,054-463-1313,경상북도 구미시 비산로3길 11 (비산동),그외기타전자부품제조업,17,경상북도 구미시청,054-480-5302,
개별입지,한국디젤,054-451-3464,"경상북도 구미시 야은로 37, 구미1대학창업보육센타 201호 (부곡동)","물질 검사, 측정 및 분석기구 제조업",3,경상북도 구미시청,054-480-5302,
개별입지,한라레이져,054-461-0501,경상북도 구미시 비산로1안길 14 (비산동),구조용 금속 판제품 및 공작물 제조업,3,경상북도 구미시청,054-480-5302,
개별입지,한빛엔지니어링,054-461-9681,경상북도 구미시 비산로5길 28-21 (비산동),그 외 기타 일반목적용 기계 제조업,4,경상북도 구미시청,054-480-5302,
개별입지,한성시스템창호,054-455-0073,경상북도 구미시 장천면 하장3길 109-14,플라스틱 창호 제조업 외 1 종,5,경상북도 구미시청,054-480-5302,
개별입지,한성정밀,054-474-7400,경상북도 구미시 인동가산로 442-6 (구평동),주형 및 금형 제조업,9,경상북도 구미시청,054-480-5302,
개별입지,한세약품,054-482-3434,경상북도 구미시 고아읍 포아로 636-12 (한세약품),화학 살균.살충제 및 농업용 약제 제조업 외 1 종,8,경상북도 구미시청,054-480-5302,
개별입지,한솔나노,,경상북도 구미시 오태길 142-2 (오태동),그 외 기타 분류 안된 화학제품 제조업 외 1 종,2,경상북도 구미시청,054-480-5302,
개별입지,한솔재생산업(주),054-474-5300,경상북도 구미시 산동읍 성림길 35-11 (총 4 필지) 외 3필지,비금속류 해체 및 선별업 외 1 종,6,경상북도 구미시청,054-480-5302,
개별입지,한양금속,054-482-3944,경상북도 구미시 선산읍 습례리 317번지,그외기타전자부품제조업,19,경상북도 구미시청,054-480-5302,
개별입지,한양식품,054-444-2225,경상북도 구미시 봉곡남로9길 4 (봉곡동),떡류 제조업,12,경상북도 구미시청,054-480-5302,
개별입지,한양정밀,054-481-9666,경상북도 구미시 선산읍 선상서로 198,,12,경상북도 구미시청,054-480-5302,
개별입지,한영정보통신,054-472-1570,경상북도 구미시 여헌로 94 (인의동),방송및무선통신기기제조업,6,경상북도 구미시청,054-480-5302,
개별입지,한진상사,054-452-6767,경상북도 구미시 송원서로6길 42-7 (원평동),"근무복, 작업복 및 유사의복 제조업 외 2 종",8,경상북도 구미시청,054-480-5302,
개별입지,한창기계산업,,경상북도 구미시 장천면 하장2길 172-4,기타 물품 취급장비 제조업,5,경상북도 구미시청,054-480-5302,
개별입지,합동농산,054-473-6832,경상북도 구미시 장천면 하장3길 117,기타채소가공및저장처리업,3,경상북도 구미시청,054-480-5302,
개별입지,해동레미콘(주),054-474-2371,경상북도 구미시 해평면 괴곡4길 17-12 외 3필지,레미콘 제조업,13,경상북도 구미시청,054-480-5302,
개별입지,해동전자,054-481-1839,경상북도 구미시 선산읍 선산중앙로9길 3,"방송수신기및기타영상,음향기기제조업",43,경상북도 구미시청,054-480-5302,
개별입지,해선식품특산단지,054-481-3117,경상북도 구미시 옥성면 상무로 1520 (총 3 필지) 외 2필지,김치류 제조업 외 1 종,36,경상북도 구미시청,054-480-5302,
개별입지,해평농협미곡처리장,054-474-4232,경상북도 구미시 해평면 강동로 1594-44 (해평농협미곡처리장) 외 2필지,곡물 도정업,8,경상북도 구미시청,054-480-5302,
개별입지,혁일기전,054-482-0057,경상북도 구미시 옥성면 선상서로 514,배전반 및 전기 자동제어반 제조업,3,경상북도 구미시청,054-480-5302,
개별입지,현대정밀인쇄소,054-463-8200,경상북도 구미시 1공단로3길 63-3 (광평동),운송장비 조립용 플라스틱제품 제조업 외 1 종,45,경상북도 구미시청,054-480-5302,
개별입지,현대지게차구미판매,054-462-7778,경상북도 구미시 비산로5길 45 (비산동),건설 및 채광용 기계장비 제조업,8,경상북도 구미시청,054-480-5302,
개별입지,현덕전자,054-464-0952,경상북도 구미시 비산로3길 14-12 (비산동),그외기타전자부품제조업,12,경상북도 구미시청,054-480-5302,
개별입지,협성콘크리트,054-454-7713,경상북도 구미시 도개면 신림리 649-1번지,"콘크리트 타일, 기와, 벽돌 및 블록 제조업",11,경상북도 구미시청,054-480-5302,
개별입지,협신정밀,054-461-3510,경상북도 구미시 비산로7길 14-20 (비산동),주형 및 금형 제조업,5,경상북도 구미시청,054-480-5302,
개별입지,혜정산업,,경상북도 구미시 선산읍 동교3길 6-20,"근무복, 작업복 및 유사의복 제조업",15,경상북도 구미시청,054-480-5302,
개별입지,호창산업,053-552-0125,경상북도 구미시 장천면 하장2길 274-26 (경성테크),절단가공및표면처리강재생산업,10,경상북도 구미시청,054-480-5302,
개별입지,홈스마트코리아,054-441-2147,"경상북도 구미시 산동읍 인덕1길 131, 경운대학교 창업보육센터206호",그 외 기타 전자부품 제조업 외 1 종,2,경상북도 구미시청,054-480-5302,
개별입지,홍성전자,054-456-2543,경상북도 구미시 고아읍 문성리 146-7번지,그외기타전자부품제조업,16,경상북도 구미시청,054-480-5302,
개별입지,홍일전자,054-471-3533,경상북도 구미시 산동읍 성수2길 43-3,"방송수신기및기타영상,음향기기제조업",7,경상북도 구미시청,054-480-5302,
개별입지,화성씨링,054-452-0335,경상북도 구미시 구미중앙로35길 13 (원평동),그 외 기타 종이 및 판지 제품 제조업,10,경상북도 구미시청,054-480-5302,
개별입지,화성텔레콤,054-442-7052,경상북도 구미시 봉곡서로11길 23 (봉곡동),이동전화기 제조업 외 1 종,35,경상북도 구미시청,054-480-5302,
개별입지,효동산업,054-455-4601,경상북도 구미시 해평면 월호3길 57,기타 구조용 금속제품 제조업,16,경상북도 구미시청,054-480-5302,
개별입지,효성수지,054-471-9118,경상북도 구미시 장천면 학신로 278-8,합성수지 및 기타 플라스틱 물질 제조업,5,경상북도 구미시청,054-480-5302,
개별입지,효자산업,054-471-7693,경상북도 구미시 산동읍 성수3길 32,골판지 제조업 외 1 종,4,경상북도 구미시청,054-480-5302,
개별입지,흙빛도방,054-458-6255,경상북도 구미시 옥성면 선상동로 469-9,가정용 및 장식용 도자기 제조업,4,경상북도 구미시청,054-480-5302,
개별입지,희문사,054-463-4743,경상북도 구미시 비산로7길 14 (비산동),경 인쇄업 외 1 종,5,경상북도 구미시청,054-480-5302,
