회사명,신고기준년도,폐기물 종류,운반자,처리업소명,처리방법,공장대표주소,,업종명,생산품
언더로뎀요양병원,2020,그 밖의 폐섬유,(주)세명유니온,경북환경에너지(주),중간처분(일반소각),경상북도 칠곡군 동명면 기성10길 24,,,
일광영농조합법인,2020,그 밖의 식물성잔재물,(주)라이프환경,상공원예영농조합법인,재활용(농업생산활동에 사용),경상북도 칠곡군 동명면 금암동석4길 32,,,
(주)토성 기산지점,2020,폐합성고무류,(주)나림우드,한일시멘트(주)단양공장,재활용(직접 에너지회수),경상북도 칠곡군 기산면 행정2길 95,,,
은경케미칼,2020,폐합성수지류(폐염화비닐수지류는 제외한다),(주)대화티엔에스,(주)케이비아이국인이산업,중간처분(일반소각),경상북도 칠곡군 가산면 학상1길 159-26,,,
메디오니아,2020,폐의약품류,주식회사 강우,(주)동양환경,중간처분(일반소각),서울특별시 강동구 구천면로 278_ 1층 (천호동_ 동아하이빌아파트),,,
건운환경산업,2020,폐합성수지류(폐염화비닐수지류는 제외한다),(주)대림에코,(주)에스피네이처,중간처분(일반소각),경상북도 칠곡군 가산면 학하9길 18,,,
건운환경산업,2020,폐합성수지류(폐염화비닐수지류는 제외한다),건운환경산업,(주)이엔이,중간처분(일반소각),경상북도 칠곡군 가산면 학하9길 18,,,
쿠팡풀필먼트서비스(유),2020,폐합성수지류(폐염화비닐수지류는 제외한다),강산환경개발,(주)케이비아이국인산업,중간처분(일반소각),경상북도 칠곡군 지천면 금호로 272_ 영남컨복합화물터미널및내륙컨테이너기지민,,,
쿠팡풀필먼트서비스(유),2020,그 밖의 동ㆍ식물성잔재물,강산환경개발,(주)케이비아이국인산업,중간처분(일반소각),경상북도 칠곡군 지천면 금호로 272_ 영남컨복합화물터미널및내륙컨테이너기지민,,,
(주)상도비철,2020,폐합성수지류(폐염화비닐수지류는 제외한다),폐전선구리산업(주),폐전선구리산업(주) 중부지점,재활용(원료 제조),경상북도 칠곡군 지천면 금호로1길 76-2,,,
(주)디에스지,2019,폐합성수지류(폐염화비닐수지류는 제외한다),봉촌산업,봉촌산업,재활용(중간가공폐기물 제조),경상북도 칠곡군 왜관읍 금남1길 139,,,
(주)대교디앤에스 구미 마이다스골프,2019,그 밖의 폐기물,(주)동부환경,(주)다나에너지솔루션,중간처분(일반소각),경상북도 칠곡군 가산면 학하2길 54-171 (외 26필지),,,
화진엔프라,2019,폐합성수지류(폐염화비닐수지류는 제외한다),운대환경,(주)케이비아이국인산업,중간처분(일반소각),경상북도 칠곡군 가산면 심곡1길 5,,,
화진엔프라,2019,폐합성수지류(폐염화비닐수지류는 제외한다),친구환경,(주)케이비아이국인산업,중간처분(일반소각),경상북도 칠곡군 가산면 심곡1길 5,,,
(주)에스알 왜관지점,2019,폐합성수지류(폐염화비닐수지류는 제외한다),봉촌산업,봉촌산업,재활용(중간가공폐기물 제조),경상북도 칠곡군 왜관읍 2산업단지1길 256,,,
구미시설공단,2019,폐합성수지류(폐염화비닐수지류는 제외한다),(주)한성,(주)이앤이,중간처분(일반소각),경상북도 칠곡군 석적읍 3공단1로 62-6,,,
구미시설공단,2019,폐토사,(주)한성,(주)정진,재활용(중간가공폐기물 제조),경상북도 칠곡군 석적읍 3공단1로 62-6,,,
(주)케이에이치화이바,2019,폐합성수지류(폐염화비닐수지류는 제외한다),봉촌산업,봉촌산업,재활용(중간가공폐기물 제조),경상북도 칠곡군 가산면 다부거문2길 39-1,,,
그린산업,2019,폐합성수지류(폐염화비닐수지류는 제외한다),봉촌산업,봉촌산업,재활용(중간가공폐기물 제조),경상북도 칠곡군 지천면 금호불동1길 43,,,
(주)세방씨앤에프,2019,폐합성수지류(폐염화비닐수지류는 제외한다),금오환경개발,(주)케이비아이국인산업,중간처분(일반소각),경상북도 칠곡군 약목면 교8길 50-7,,,
(주)대원씨앤알,2019,폐합성고무류,(주)금강리앤텍,(주)금강리앤텍,재활용(중간가공폐기물 제조),경상북도 칠곡군 가산면 다부거문2길 27,,,
상우이앤씨(주),2019,그 밖의 무기성오니,(주)라이프환경,동주산업환경(주),재활용(성토재·복토재 등으로 사용),경상북도 칠곡군 가산면 학상2길 68,,,
상우이앤씨(주),2019,그 밖의 폐수처리오니,(주)라이프환경,아침의 농장,재활용(토질개선에 사용),경상북도 칠곡군 가산면 학상2길 68,,,
상우이앤씨(주),2019,그 밖의 폐수처리오니,라이프환경,아침의 농장,재활용(토질개선에 사용),경상북도 칠곡군 가산면 학상2길 68,,,
상우이앤씨(주),2019,폐합성수지류(폐염화비닐수지류는 제외한다),(주)대화티앤에스,(주)케이비아이국인산업,중간처분(일반소각),경상북도 칠곡군 가산면 학상2길 68,,,
(주)팜스코,2019,폐합성수지류(폐염화비닐수지류는 제외한다),(주)창대기업,(주)창대기업,재활용(중간가공폐기물 제조),경상북도 칠곡군 왜관읍 아곡6길 60,,,
(주)팜스코,2019,폐합성수지류(폐염화비닐수지류는 제외한다),동일종합상사,(주)창대기업,재활용(중간가공폐기물 제조),경상북도 칠곡군 왜관읍 아곡6길 60,,,
(주)한양에코텍,2019,폐합성수지류(폐염화비닐수지류는 제외한다),봉촌산업,봉촌산업,재활용(중간가공폐기물 제조),경상북도 칠곡군 왜관읍 3산업단지3길 83,,,
(주)정우목재,2019,목재가공공장 부산물(접착제_ 페인트_ 기름_ 콘크리트 등의 물질이 사용된 목재부산물 및 분진을 말한다),영남환경,(주)창대기업,재활용(중간가공폐기물 제조),경상북도 칠곡군 북삼읍 칠곡대로 297-22,,,
쿠팡풀필먼트서비스 유한회사,2019,폐합성수지류(폐염화비닐수지류는 제외한다),조영산업,조영산업,재활용(중간가공폐기물 제조),경상북도 칠곡군 지천면 금호로 272_ 영남컨복합화물터미널및내륙컨테이너기지민,,,
(주)리사이클피아 칠곡지점,2019,폐합성수지류(폐염화비닐수지류는 제외한다),(주)리사이클피아,동양에코(주),중간처분(고온소각),경상북도 칠곡군 왜관읍 공단로11길 29,,,
(주)리사이클피아 칠곡지점,2019,폐합성수지류(폐염화비닐수지류는 제외한다),(주)리사이클피아,(주)에너지네트웍,중간처분(일반소각),경상북도 칠곡군 왜관읍 공단로11길 29,,,
(주)제이에프,2019,그 밖의 식물성잔재물,한섬농장,한섬농장,재활용(농업생산활동에 사용),경상북도 칠곡군 왜관읍 2산업단지3길 22-5,,,
(주)하나에이앤씨,2018,폐흡착제,(주)계양산업,(주)하이콘코리아,재활용(중간가공폐기물 제조),경상북도 칠곡군 가산면 학상1길 177,,,
(주)하나에이앤씨,2018,폐흡착제,바로eco솔루션,(주)제이에이그린,매립(민간관리형매립시설),경상북도 칠곡군 가산면 학상1길 177,,,
유림산업,2018,그 밖의 공정오니,(주)대화티엔에스,(주)에코시스템구미,매립(민간관리형매립시설),경상북도 칠곡군 석적읍 중지3길 106-9_ 다동,,,
(주)대영케미칼,2018,폐합성수지류(폐염화비닐수지류는 제외한다),(주)대흥산업,(주)대흥산업,재활용(중간가공폐기물 제조),경상북도 칠곡군 가산면 경북대로 1355-16,,,
(주)오뚜기,2018,그 밖의 동ㆍ식물성잔재물,주은산업(주),(주)국인산업,중간처분(일반소각),경상북도 칠곡군 왜관읍 호국로 405-8,,,
(주)오뚜기,2018,그 밖의 동ㆍ식물성잔재물,(주)와이제이로지스,(주)풍림푸드,재활용(농업생산활동에 사용),경상북도 칠곡군 왜관읍 호국로 405-8,,,
(주)오뚜기,2018,그 밖의 동ㆍ식물성잔재물,예지사료,예지사료,재활용(농업생산활동에 사용),경상북도 칠곡군 왜관읍 호국로 405-8,,,
(주)오뚜기,2018,폐식용유(식용을 목적으로 식품 재료와 원료를 제조ㆍ조리ㆍ가공하거나 식용유를 유통ㆍ사용 또는 음식물류 폐기물을 처리하는 과정에서 발생하는 기름을 말한다),(주)대한유량,(주)대한유량,재활용(원료 제조),경상북도 칠곡군 왜관읍 호국로 405-8,,,
JS케미칼,2018,그 밖의 폐기물,(주)대화티엔에스,(주)에코시스템구미,매립(민간관리형매립시설),경상북도 칠곡군 석적읍 중지3길 106-9,,,
티알자원,2018,폐합성수지류(폐염화비닐수지류는 제외한다),내일산업,(주)지엠앤에스,재활용(중간가공폐기물 제조),경상북도 칠곡군 가산면 인동가산로 976,,,
티알자원,2018,폐합성수지류(폐염화비닐수지류는 제외한다),내일산업,(주)이앤이,중간처분(일반소각),경상북도 칠곡군 가산면 인동가산로 976,,,
하늘산업,2018,폐합성수지류(폐염화비닐수지류는 제외한다),녹색자원(주),녹색자원(주),재활용(연료·고형연료제품 제조),경상북도 칠곡군 동명면 봉암7길 81,,,
진동종합수지,2018,폐합성수지류(폐염화비닐수지류는 제외한다),금오환경,(주)에너지네트웍,중간처분(일반소각),경상북도 칠곡군 약목면 약목로 34-5,,,
창주산업 주식회사,2018,그 밖의 연소잔재물,(주)이엔티앤에스,부산그린파워(주),매립(민간관리형매립시설),경상북도 칠곡군 기산면 주산로 1226-12,,,
창주산업 주식회사,2018,그 밖의 분진,(주)이엔티앤에스,부산그린파워(주),매립(민간관리형매립시설),경상북도 칠곡군 기산면 주산로 1226-12,,,
(주)새날테크-텍스 제3공장,2018,폐합성수지류(폐염화비닐수지류는 제외한다),(주)대화티엔에스,(주)국인산업,중간처분(일반소각),경상북도 칠곡군 석적읍 3공단2로 93,,,
신제TECH,2018,폐합성수지류(폐염화비닐수지류는 제외한다),(주)대화티엔에스,(주)국인산업,중간처분(일반소각),경상북도 칠곡군 왜관읍 공단로4길 46-6,,,
(주)신성폴리머,2018,폐합성수지류(폐염화비닐수지류는 제외한다),(주)신성폴리머,(주)새한산업개발,재활용(중간가공폐기물 제조),경상북도 칠곡군 가산면 학상1길 153-5,,,
(주)신성폴리머,2018,폐합성수지류(폐염화비닐수지류는 제외한다),운대환경,(주)케이비아이국인산업,중간처분(일반소각),경상북도 칠곡군 가산면 학상1길 153-5,,,
(주)신성폴리머,2018,폐합성수지류(폐염화비닐수지류는 제외한다),(주)신성폴리머,(주)그린알앤이,재활용(중간가공폐기물 제조),경상북도 칠곡군 가산면 학상1길 153-5,,,
(주)신성폴리머,2018,폐합성수지류(폐염화비닐수지류는 제외한다),(주)그린환경,(주)그린환경,재활용(중간가공폐기물 제조),경상북도 칠곡군 가산면 학상1길 153-5,,,
(주)성은,2018,폐합성수지류(폐염화비닐수지류는 제외한다),이엔티,(주)상진그린산업,재활용(중간가공폐기물 제조),경상북도 칠곡군 북삼읍 외율5길 121-12,,,
구미시 남은음식물 사료화 시설,2017,폐합성수지류(폐염화비닐수지류는 제외한다),자연환경,(주)국인산업,중간처분(일반소각),경상북도 칠곡군 석적읍 3공단1로 62-6,,,
구미시 남은음식물 사료화 시설,2017,그 밖의 폐기물,자가,구미하수처리장,재활용(농업생산활동에 사용),경상북도 칠곡군 석적읍 3공단1로 62-6,,,
(주)드림엠텍,2017,그 밖의 분진,선우기업(주),남양인더스티리(주),재활용(중간가공폐기물 제조),경상북도 칠곡군 석적읍 포망로 303,,,
(주)드림엠텍,2017,그 밖의 분진,세원환경(주),(주)동양에코경주,매립(민간관리형매립시설),경상북도 칠곡군 석적읍 포망로 303,,,
(주)티아이,2017,그 밖의 공정오니,(주)태흥환경개발,(주)와이에스텍,매립(민간관리형매립시설),경상북도 칠곡군 약목면 교8길 113-19,,,
(주)티아이,2017,그 밖의 공정오니,(주)더블에스,(주)케이엠그린,매립(민간관리형매립시설),경상북도 칠곡군 약목면 교8길 113-19,,,
(주)엔바이오컨스,2017,하수처리오니,(주)라이프환경,선재NPR,재활용(농업생산활동에 사용),경상북도 칠곡군 석적읍 3공단1로 62-6,,,
(주)엔바이오컨스,2017,하수처리오니,라이프환경,선재NPR,재활용(농업생산활동에 사용),경상북도 칠곡군 석적읍 3공단1로 62-6,,,
(주)엔바이오컨스,2017,폐합성수지류(폐염화비닐수지류는 제외한다),(주)라이프환경,청조환경(주),중간처분(파쇄.분쇄),경상북도 칠곡군 석적읍 3공단1로 62-6,,,
(주)엔바이오컨스,2017,하수처리오니,(주)라이프환경,그린사이클링,재활용(토질개선에 사용),경상북도 칠곡군 석적읍 3공단1로 62-6,,,
(주)엔바이오컨스,2017,폐합성수지류(폐염화비닐수지류는 제외한다),대아환경(주),동양에코(주),중간처분(고온소각),경상북도 칠곡군 석적읍 3공단1로 62-6,,,
(주)엔바이오컨스,2017,폐합성수지류(폐염화비닐수지류는 제외한다),(주)라이프환경,(주)네비엔영천사업소,중간처분(일반소각),경상북도 칠곡군 석적읍 3공단1로 62-6,,,
(주)엔바이오컨스,2017,하수처리오니,라이프환경,그린사이클링,재활용(토질개선에 사용),경상북도 칠곡군 석적읍 3공단1로 62-6,,,
(주)엘지유플러스,2017,산업용폐전기전자제품,(주)고려엠텍,(주)고려엠텍,재활용(원료 제조),경상북도 칠곡군 석적읍 중지3길 132,,,
(주)엘지유플러스,2017,그 밖의 폐합성고분자화합물(합성수지류로 피복된 폐전선을 포함한다),(주)고려엠텍,(주)고려엠텍,재활용(원료 제조),경상북도 칠곡군 석적읍 중지3길 132,,,
태경에스엔에프,2017,점토점결폐주물사,덕영환경(주),(주)서진인바이러테크,재활용(중간가공폐기물 제조),경상북도 칠곡군 왜관읍 아곡5길 86-110,,,
(주)제일환경,2017,폐합성수지류(폐염화비닐수지류는 제외한다),(주)태흥환경개발,(주)제일에너지,중간처분(일반소각),경상북도 칠곡군 왜관읍 공단로5길 60-31,,,
(주)제일환경,2017,그 밖의 분진,(주)태흥환경개발,(주)제일에너지,중간처분(일반소각),경상북도 칠곡군 왜관읍 공단로5길 60-31,,,
(주)영광산업,2017,폐합성수지류(폐염화비닐수지류는 제외한다),제이제이환경,아세아시멘트(주)제천,재활용(직접 에너지회수),경상북도 칠곡군 가산면 학상1길 178,,,
(주)영광산업,2017,폐합성수지류(폐염화비닐수지류는 제외한다),삼흐환경기술(주),아세아시멘트(주)제천,재활용(직접 에너지회수),경상북도 칠곡군 가산면 학상1길 178,,,
(주)영광산업,2017,폐합성수지류(폐염화비닐수지류는 제외한다),(주)가온이엔트,아세아시멘트(주)제천,재활용(직접 에너지회수),경상북도 칠곡군 가산면 학상1길 178,,,
다나인터내셔날,2017,폐합성수지류(폐염화비닐수지류는 제외한다),(주)대화티엔에스,(주)국인산업,중간처분(일반소각),경상북도 칠곡군 약목면 칠곡대로 416-4,,,
(주)드림엠텍,2017,그 밖의 분진,세원환경(주),(주)동양에코경주,매립(민간관리형매립시설),경상북도 칠곡군 석적읍 포망로 303,,,
제일씨앤피(주),2017,폐수처리오니,선우기업(주),동영산업,재활용(원료 제조),경상북도 칠곡군 왜관읍 2산업단지3길 22-14,,,
건설기술원(주),2017,폐콘크리트,(주)삼우환경,대덕환경산업(주)칠곡지점,중간처분(파쇄.분쇄),경상북도 칠곡군 가산면 천평2길 29,,,
건설기술원(주),2017,폐아스팔트콘크리트,(주)삼우환경,대덕환경산업(주)칠곡지점,중간처분(파쇄.분쇄),경상북도 칠곡군 가산면 천평2길 29,,,
경북과학대학식품공장,2017,그 밖의 폐수처리오니,라이프환경,그린사이클링,재활용(토질개선에 사용),경상북도 칠곡군 기산면 지산로 520,,,
(주)지에스네트웍스 칠곡지점,2017,폐합성수지류(폐염화비닐수지류는 제외한다),대명산업,진영제지공업(주),재활용(직접 에너지회수),경상북도 칠곡군 가산면 경북대로 1460,,,
에스엔디무역,2017,폐의류,(주)평진환경,(주)평진환경,재활용(중간가공폐기물 제조),경상북도 칠곡군 가산면 경북대로 1775-11,,,
(주)티케이케미칼 폴리에스터공장,2016,그 밖의 폐수처리오니,(주)태흥환경개발,(주)케이엠그린 구미지점,매립(민간관리형매립시설),경상북도 칠곡군 석적읍 3공단2로 6,,,
(주)티케이케미칼 폴리에스터공장,2016,그 밖의 폐섬유,나현산업,나현산업,재활용(원료 제조),경상북도 칠곡군 석적읍 3공단2로 6,,,
(주)티케이케미칼 폴리에스터공장,2016,음식물류폐기물,만세농장,만세농장,재활용(농업생산활동에 사용),경상북도 칠곡군 석적읍 3공단2로 6,,,
(주)티케이케미칼 폴리에스터공장,2016,폐분말소화기,삼우산기(주),삼우산기(주),재활용(직접 제품제조),경상북도 칠곡군 석적읍 3공단2로 6,,,
(주)티케이케미칼 폴리에스터공장,2016,그 밖의 폐수처리오니,(주)태흥환경개발,그린사이클링,재활용(토질개선에 사용),경상북도 칠곡군 석적읍 3공단2로 6,,,
(주)티케이케미칼 폴리에스터공장,2016,폐폴리염화비닐수지류,(주)부양,(주)부양,재활용(원료 제조),경상북도 칠곡군 석적읍 3공단2로 6,,,
(주)티케이케미칼 폴리에스터공장,2016,폐합성수지류(폐염화비닐수지류는 제외한다),(주)구미환경,(주)알케일,재활용(중간가공폐기물 제조),경상북도 칠곡군 석적읍 3공단2로 6,,,
(주)티케이케미칼 폴리에스터공장,2016,그 밖의 폐수처리오니,(주)라이프환경,(주)네비엔,재활용(중간가공폐기물 제조),경상북도 칠곡군 석적읍 3공단2로 6,,,
(주)티케이케미칼 폴리에스터공장,2016,폐합성수지류(폐염화비닐수지류는 제외한다),(주)이앤이,(주)이앤이,중간처분(일반소각),경상북도 칠곡군 석적읍 3공단2로 6,,,
(주)티케이케미칼 폴리에스터공장,2016,그 밖의 폐목재류,한솔재생산업(주),한솔재생산업(주),재활용(중간가공폐기물 제조),경상북도 칠곡군 석적읍 3공단2로 6,,,
(주)티케이케미칼 폴리에스터공장,2016,폐석고,(주)태흥환경개발,(주)케이엠그린 구미지점,매립(민간관리형매립시설),경상북도 칠곡군 석적읍 3공단2로 6,,,
(주)티케이케미칼 폴리에스터공장,2016,그 밖의 광재류 ,(주)태흥환경개발,(주)케이엠그린 구미지점,매립(민간관리형매립시설),경상북도 칠곡군 석적읍 3공단2로 6,,,
(주)티케이케미칼 폴리에스터공장,2016,폐합성수지류(폐염화비닐수지류는 제외한다),포리원산업,포리원산업,재활용(원료 제조),경상북도 칠곡군 석적읍 3공단2로 6,,,
(주)티케이케미칼 폴리에스터공장,2016,폐합성수지류(폐염화비닐수지류는 제외한다),금오환경개발,(주)국인산업,중간처분(일반소각),경상북도 칠곡군 석적읍 3공단2로 6,,,
폴리마스터코리아(주),2016,폐합성수지류(폐염화비닐수지류는 제외한다),(주)대화티엔에스,(주)국인산업,중간처분(일반소각),경상북도 칠곡군 왜관읍 2산업단지2길 206-17,,,
거림화학,2016,폐합성수지류(폐염화비닐수지류는 제외한다),청조환경(주),청조환경(주),재활용(중간가공폐기물 제조),경상북도 칠곡군 약목면 관호1길 66-13,,,
제이씨테크,2016,폐합성수지류(폐염화비닐수지류는 제외한다),내일산업,(주)제일에너지,중간처분(일반소각),경상북도 칠곡군 지천면 신동로5길 101,,,
칠곡군수도사업소,2016,하수처리오니,세원환경(주),칠곡군하수슬러지처리장,재활용(퇴비화),경상북도 칠곡군 왜관읍 강변대로 958,,,
칠곡군수도사업소,2016,하수처리오니,세원환경(주),영농조합법인푸르른제2농장,재활용(기타),경상북도 칠곡군 왜관읍 강변대로 958,,,
칠곡군수도사업소,2016,그 밖의 폐기물,동광환경(주),부산그린파워(주),매립(민간관리형매립시설),경상북도 칠곡군 왜관읍 강변대로 958,,,
(주)네이처셀 칠곡공장,2016,그 밖의 폐수처리오니,(주)라이프환경,대구하양지렁이농장,재활용(토질개선에 사용),경상북도 칠곡군 기산면 기산공단1길 21,,,
(주)네이처셀 칠곡공장,2016,그 밖의 식물성잔재물,(주)진성종합물류,대원바이오(주),재활용(농업생산활동에 사용),경상북도 칠곡군 기산면 기산공단1길 21,,,
(주)네이처셀 칠곡공장,2016,그 밖의 폐수처리오니,(주)라이프환경,꿈틀지렁이농장,재활용(토질개선에 사용),경상북도 칠곡군 기산면 기산공단1길 21,,,
(주)네이처셀 칠곡공장,2016,그 밖의 폐수처리오니,(주)라이프환경,(주)케이엠그린구미지점,매립(민간관리형매립시설),경상북도 칠곡군 기산면 기산공단1길 21,,,
(주)네이처셀 칠곡공장,2016,폐합성수지류(폐염화비닐수지류는 제외한다),(주)라이프환경,청조환경(주),재활용(연료·고형연료제품 제조),경상북도 칠곡군 기산면 기산공단1길 21,,,
(주)네이처셀 칠곡공장,2016,그 밖의 폐수처리오니,(주)라이프환경,물레방아지정이농장,재활용(토질개선에 사용),경상북도 칠곡군 기산면 기산공단1길 21,,,
(주)네이처셀 칠곡공장,2016,그 밖의 식물성잔재물,농업법인(주)해인,성윤산업(주),재활용(토질개선에 사용),경상북도 칠곡군 기산면 기산공단1길 21,,,
(주)네이처셀 칠곡공장,2016,그 밖의 식물성잔재물,(주)라이프환경,(주)네비엔영천사업소,중간처분(일반소각),경상북도 칠곡군 기산면 기산공단1길 21,,,
(주)네이처셀 칠곡공장,2016,그 밖의 식물성잔재물,(주)라이프환경,(주)정한그린테크,재활용(농업생산활동에 사용),경상북도 칠곡군 기산면 기산공단1길 21,,,
(주)네이처셀 칠곡공장,2016,폐합성수지류(폐염화비닐수지류는 제외한다),(주)라이프환경,(주)네비엔영천사업소,중간처분(일반소각),경상북도 칠곡군 기산면 기산공단1길 21,,,
(주)제일자동차해체 재활용산업,2016,폐합성수지류(폐염화비닐수지류는 제외한다),(주)새한산업개발,(주)새한산업개발,재활용(중간가공폐기물 제조),경상북도 칠곡군 왜관읍 호국로 347,,,
(주)매트일번지,2016,폐합성수지류(폐염화비닐수지류는 제외한다),(주)대화티엔에스,(주)국인산업,중간처분(일반소각),경상북도 칠곡군 왜관읍 2산업단지1길 173-23,,,
중경TCS,2016,폐합성수지류(폐염화비닐수지류는 제외한다),황소,(주)새한산업개발,재활용(중간가공폐기물 제조),경상북도 칠곡군 왜관읍 2산업단지2길 52,,,
(주)제이에스,2016,폐합성수지류,(주)시민환경,(주)네비엔영천사업소,중간처분(일반소각),경상북도 칠곡군 북삼읍 어로6길 43,,,
혜성자원,2016,폐합성수지류,범성환경,진영제지공업(주),중간처분(일반소각),경상북도 칠곡군 지천면 신동로 95-43,,,
혜성자원,2016,그 밖의 폐기물,(주)대화티엔에스,(주)와이에스텍,매립(민간관리형매립시설),경상북도 칠곡군 지천면 신동로 95-43,,,
장천종합폐차장,2016,금속성폐촉매,(주)대성리싸이클,(주)대성리싸이클,재활용(중간가공폐기물 제조),경상북도 칠곡군 가산면 송신로 567,,,
장천종합폐차장,2016,자동차 폐타이어,동흥상사(주),제이제이산업(주),재활용(직접 제품제조),경상북도 칠곡군 가산면 송신로 567,,,
장천종합폐차장,2016,폐합성수지류,문화산업,대성금속,재활용(중간가공폐기물 제조),경상북도 칠곡군 가산면 송신로 567,,,
장천종합폐차장,2016,폐합성수지류,문화산업,문화산업,재활용(중간가공폐기물 제조),경상북도 칠곡군 가산면 송신로 567,,,
장천종합폐차장,2016,자동차 폐타이어,(주)해룡,(주)해룡,재활용(원료 제조),경상북도 칠곡군 가산면 송신로 567,,,
장천종합폐차장,2016,자동차회수폐냉매물질,(주)오운알투텍,(주)오운알투텍,재활용(원료 제조),경상북도 칠곡군 가산면 송신로 567,,,
(주)대륙이피에스,2016,폐합성수지류,강산환경개발,(주)국인산업,중간처분(일반소각),경상북도 칠곡군 지천면 금호로1길 37-2,,,
(주)대륙이피에스,2016,소각재,(주)모드멘,(주)케이엠그린구미지점,매립(민간관리형매립시설),경상북도 칠곡군 지천면 금호로1길 37-2,,,
(주)경동프로폰,2016,폐흡착제,(주)백석화학,(주)백석화학,재활용(기타),경상북도 칠곡군 왜관읍 공단로3길 22,,,
현대산업,2015,폐합성수지류,(주)이앤이,(주)이앤이,중간처분(일반소각),경상북도 칠곡군 가산면 학상1길 153-12,,,
(주)대진이앤씨칠곡공장,2015,폐합성수지류(폐염화비닐수지류는 제외한다),(주)남경운수,(주)한국환경산업개발,재활용(중간가공폐기물 제조),경상북도 칠곡군 가산면 호국로 1206-40,,,
(주)대진이앤씨칠곡공장,2015,그 밖의 폐목재류,지씨테크(주)경산공장,지씨테크(주)경산공장,재활용(중간가공폐기물 제조),경상북도 칠곡군 가산면 호국로 1206-40,,,
(주)알씨텍,2015,폐수처리오니,미주산업(주),(주)케이엠그린,매립(민간관리형매립시설),경상북도 칠곡군 약목면 경호천동길 74,,,
(주)알씨텍,2015,그 밖의 무기성오니,(주)대진물류,(유)이앤알컨설팅,재활용(성토재·복토재 등으로 사용),경상북도 칠곡군 약목면 경호천동길 74,,,
(주)알씨텍,2015,그 밖의 무기성오니,(주)대정이디씨,(유)이앤알컨설팅,재활용(성토재·복토재 등으로 사용),경상북도 칠곡군 약목면 경호천동길 74,,,
(주)알씨텍,2015,그 밖의 무기성오니,에이치앤씨,(유)이앤알컨설팅,재활용(성토재·복토재 등으로 사용),경상북도 칠곡군 약목면 경호천동길 74,,,
(주)알씨텍,2015,폐합성수지류(폐염화비닐수지류는 제외한다),동광환경(주),(주)네비엔영천사업소,중간처분(일반소각),경상북도 칠곡군 약목면 경호천동길 74,,,
(주)알씨텍,2015,폐수처리오니,디제코,쌍용양회(주)동해공장,재활용(직접 제품제조),경상북도 칠곡군 약목면 경호천동길 74,,,
(주)알씨텍,2015,그 밖의 무기성오니,(주)황소,주식회사세라에이치티,재활용(성토재·복토재 등으로 사용),경상북도 칠곡군 약목면 경호천동길 74,,,
(주)알씨텍,2015,그 밖의 무기성오니,황소산업주식회사,주식회사세라에이치티,재활용(성토재·복토재 등으로 사용),경상북도 칠곡군 약목면 경호천동길 74,,,
(주)알씨텍,2015,폐수처리오니,동광환경(주),(주)서진인바이러테크,재활용(중간가공폐기물 제조),경상북도 칠곡군 약목면 경호천동길 74,,,
(주)알씨텍,2015,폐수처리오니,(주)경일물류,삼표시멘트(주)삼척공장,재활용(직접 제품제조),경상북도 칠곡군 약목면 경호천동길 74,,,
(주)알씨텍,2015,폐수처리오니,(주)아이에스텍,삼표시멘트(주)삼척공장,재활용(직접 제품제조),경상북도 칠곡군 약목면 경호천동길 74,,,
(주)알씨텍,2015,폐수처리오니,디제코,삼표시멘트(주)삼척공장,재활용(직접 제품제조),경상북도 칠곡군 약목면 경호천동길 74,,,
(주)타스지혁 제1공장,2015,폐합성수지류(폐염화비닐수지류는 제외한다),(주)제일에너지,(주)제일에너지,중간처분(일반소각),경상북도 칠곡군 왜관읍 공단로5길 60-4,,,
(주)칠곡연합자동차해체재활용업,2015,자동차회수폐냉매물질,(주)오운알투텍,(주)오운알투텍,재활용(원료 제조),경상북도 칠곡군 약목면 약목로 12,,,
(주)칠곡연합자동차해체재활용업,2015,그 밖의 폐합성고분자화합물(합성수지류로 피복된 폐전선을 포함한다),문화산업,대성금속,재활용(중간가공폐기물 제조),경상북도 칠곡군 약목면 약목로 12,,,
삼성물산(주),2015,폐수처리오니,내일산업,(주)티에스케이이엔이,매립(민간관리형매립시설),경상북도 칠곡군 석적읍 포망로 153,,,
삼성물산(주),2015,공정오니,내일산업,(주)티에스케이이엔이,매립(민간관리형매립시설),경상북도 칠곡군 석적읍 포망로 153,,,
한국푸드,2015,음식물류폐기물,(주)앞선환경,(주)앞선환경,재활용(농업생산활동에 사용),경상북도 칠곡군 지천면 지천로 481-1,,,
장천종합폐차산업,2015,폐자동차에서 회수한 폐냉매물질,(주)오운알투텍,(주)오운알투텍,재활용(정제),경상북도 칠곡군 가산면 송신로 567,,,
왜관폐차자동차해체 재활용산업,2015,자동차 폐타이어,(주)동흥상사,(주)동흥상사,재활용(중간가공폐기물 제조),경상북도 칠곡군 기산면 칠곡대로 1274,,,
왜관폐차자동차해체 재활용산업,2015,자동차회수폐냉매물질,(주)오운알투텍,(주)오운알투텍,재활용(원료 제조),경상북도 칠곡군 기산면 칠곡대로 1274,,,
왜관폐차자동차해체 재활용산업,2015,그 밖의 폐합성고분자화합물(합성수지류로 피복된 폐전선을 포함한다),(주)화인메탈,(주)화인메탈,재활용(원료 제조),경상북도 칠곡군 기산면 칠곡대로 1274,,,
왜관폐차자동차해체 재활용산업,2015,그 밖의 폐합성고분자화합물(합성수지류로 피복된 폐전선을 포함한다),문화산업,대성금속,재활용(원료 제조),경상북도 칠곡군 기산면 칠곡대로 1274,,,
왜관폐차자동차해체 재활용산업,2015,폐합성수지류(폐염화비닐수지류는 제외한다),환희기업(주),환희지점(주)달성지점,재활용(중간가공폐기물 제조),경상북도 칠곡군 기산면 칠곡대로 1274,,,
은경케미칼,2015,그 밖의 폐기물,천우환경,(주)케이엠그린구미지점,매립(민간관리형매립시설),경상북도 칠곡군 가산면 학상1길 159-26,,,
A플러스무역,2015,폐섬유,자가,(주)국인산업,중간처분(일반소각),경상북도 칠곡군 지천면 창평로 104,,,
윤성자동차해체재활용산업,2015,자동차 폐타이어,(주)경남종합상사,(주)경남종합상사,재활용(중간가공폐기물 제조),경상북도 칠곡군 왜관읍 현대로 40-21,,,
윤성자동차해체재활용산업,2015,자동차회수폐냉매물질,(주)오운알투텍,(주)오운알투텍,재활용(원료 제조),경상북도 칠곡군 왜관읍 현대로 40-21,,,
윤성자동차해체재활용산업,2015,폐합성수지류(폐염화비닐수지류는 제외한다),(주)피앤피,(주)피앤피,재활용(중간가공폐기물 제조),경상북도 칠곡군 왜관읍 현대로 40-21,,,
윤성자동차해체재활용산업,2015,자동차 폐타이어,(주)해룡,(주)해룡,재활용(연료·고형연료제품 제조),경상북도 칠곡군 왜관읍 현대로 40-21,,,
에이스켐,2015,분진(대기오염방지시설에서 포집된 것에 한정하되_ 소각시설에서 발생되는 것은 제외한다),라이프환경,(주)티에스케이이엔이,매립(민간관리형매립시설),경상북도 칠곡군 동명면 남원로 15,,,
(주)제일자동차해체 재활용산업,2015,자동차회수폐냉매물질,(주)오운알투텍,(주)오운알투텍,재활용(원료 제조),경상북도 칠곡군 왜관읍 호국로 347,,,
(주)제일자동차해체 재활용산업,2015,자동차 폐타이어,승문산업,승문산업,재활용(원료 제조),경상북도 칠곡군 왜관읍 호국로 347,,,
지노산업,2015,그 밖의 광재류 ,천광산업,천광산업,재활용(원료 제조),경상북도 칠곡군 약목면 경호천동길 62-9,,,
구성산업,2015,폐합성수지류,(주)홍익이엔아이,(주)홍익이엔아이,재활용(파쇄.분쇄),경상북도 칠곡군 가산면 학하9길 18,,,
대창자동차해체재활용산업,2015,자동차회수폐냉매물질,(주)오운알투텍,(주)오운알투텍,재활용(원료 제조),경상북도 칠곡군 왜관읍 삼청6길 38-32,,,
삼보프라텍(주),2015,폐합성수지류(폐염화비닐수지류는 제외한다),라이프환경,네이처이앤티(주),중간처분(고온소각),경상북도 칠곡군 약목면 칠곡대로 1074,,,
삼보프라텍(주),2015,폐합성수지류(폐염화비닐수지류는 제외한다),(주)라이프환경,네이처이앤티(주),중간처분(고온소각),경상북도 칠곡군 약목면 칠곡대로 1074,,,
삼보프라텍(주),2015,폐합성수지류(폐염화비닐수지류는 제외한다),(주)라이프환경,(주)새한산업개발,재활용(중간가공폐기물 제조),경상북도 칠곡군 약목면 칠곡대로 1074,,,
삼보프라텍(주),2015,폐활성탄,에스씨티(주),에스씨티(주),재활용(직접 제품제조),경상북도 칠곡군 약목면 칠곡대로 1074,,,
(주)금성산업,2015,폐합성수지류(폐염화비닐수지류는 제외한다),(주)태흥환경개발,(주)제일에너지,중간처분(일반소각),경상북도 칠곡군 왜관읍 2산업단지2길 202,,,
(주)금성산업,2015,폐합성수지류(폐염화비닐수지류는 제외한다),(주)태흥환경개발,(주)태흥환경개발,재활용(중간가공폐기물 제조),경상북도 칠곡군 왜관읍 2산업단지2길 202,,,
영남석재,2015,그 밖의 무기성오니,(주)대화티엔에스,(유)신한산업,매립(민간관리형매립시설),경상북도 칠곡군 기산면 행정2길 57,,,
영남석재,2015,폐석재,청진기업,청진기업,재활용(파쇄.분쇄),경상북도 칠곡군 기산면 행정2길 57,,,
삼성레진(주),2015,폐합성수지류(폐염화비닐수지류는 제외한다),(주)모드멘,(주)국인산업,중간처분(일반소각),경상북도 칠곡군 왜관읍 공단로4길 17-18,,,
(주)미래피앤티관호지점,2015,폐합성수지류(폐염화비닐수지류는 제외한다),(주)대화티엔에스,(주)새한산업개발,재활용(중간가공폐기물 제조),경상북도 칠곡군 약목면 관호1길 66-10,,,
건설기술원(주),2015,폐콘크리트,(주)삼우환경,명보환경(주),중간처분(파쇄.분쇄),경상북도 칠곡군 가산면 천평2길 29,,,
건설기술원(주),2015,폐아스팔트콘크리트,(주)삼우환경,명보환경(주),중간처분(파쇄.분쇄),경상북도 칠곡군 가산면 천평2길 29,,,
천지골재,2014,그 밖의 공정오니,내일산업,(주)케이엠그린구미지점,매립(민간관리형매립시설),경상북도 칠곡군 동명면 경북대로 172,,,
대경산업(주)칠곡지점,2014,폐합성수지류(폐염화비닐수지류는 제외한다),대경산업(주)칠곡지점,진영제지공업(주),중간처분(일반소각),경상북도 칠곡군 석적읍 포망로 224-16,,,
대경산업(주)칠곡지점,2014,폐합성수지류(폐염화비닐수지류는 제외한다),대경산업(주)칠곡지점,(주)리사이클피아고령,재활용(중간가공폐기물 제조),경상북도 칠곡군 석적읍 포망로 224-16,,,
(주)디에스,2014,폐합성수지류,(주)제일에너지,(주)제일에너지,중간처분(일반소각),경상북도 칠곡군 북삼읍 칠곡대로 297-17,,,
(주)신우피앤씨,2014,폐합성수지류(폐염화비닐수지류는 제외한다),녹색자원(주),녹색자원(주),재활용(중간가공폐기물 제조),경상북도 칠곡군 왜관읍 2산업단지2길 24-24,,,
(주)신우피앤씨,2014,폐합성수지류(폐염화비닐수지류는 제외한다),늘품산업,늘품산업,재활용(중간가공폐기물 제조),경상북도 칠곡군 왜관읍 2산업단지2길 24-24,,,
(주)합동전자,2014,폐합성수지류(폐염화비닐수지류는 제외한다),한신산업,한신산업,재활용(파쇄.분쇄),경상북도 칠곡군 약목면 칠곡대로 460-20,,,
(주)합동전자,2014,폐합성수지류(폐염화비닐수지류는 제외한다),(주)태흥환경개발,(주)국인산업,중간처분(일반소각),경상북도 칠곡군 약목면 칠곡대로 460-20,,,
(주)엘앤에프,2014,폐내화물,진성리싸이클링,진성리싸이크링,재활용(기타),경상북도 칠곡군 왜관읍 2산업단지1길 135,,,
(주)엘앤에프,2014,폐합성수지류,(주)태흥환경개발,(주)태흥환경개발,중간처분(압축),경상북도 칠곡군 왜관읍 2산업단지1길 135,,,
(주)대주산업칠곡하행휴게소,2014,폐합성수지류(폐염화비닐수지류는 제외한다),세원환경개발,에스티에너지(주),재활용(중간가공폐기물 제조),경상북도 칠곡군 왜관읍 경부고속도로 159,,,
(주)대주산업칠곡하행휴게소,2014,음식물류폐기물,이상화축사,이상화축사,재활용(농업생산활동에 사용),경상북도 칠곡군 왜관읍 경부고속도로 159,,,
(주)대주산업칠곡하행휴게소,2014,폐식용유(식용을 목적으로 식품 재료와 원료를 제조ㆍ조리ㆍ가공하거나 식용유를 유통ㆍ사용 또는 음식물류 폐기물을 처리하는 과정에서 발생하는 기름을 말한다),(주)신성오앤알,(주)신성오앤알,재활용(중간가공폐기물 제조),경상북도 칠곡군 왜관읍 경부고속도로 159,,,
(주)대주산업칠곡하행휴게소,2014,폐합성수지류(폐염화비닐수지류는 제외한다),세원환경개발,신대일제지공업(주),재활용(직접 에너지회수),경상북도 칠곡군 왜관읍 경부고속도로 159,,,
대신기업(주)칠곡지점,2014,폐합성수지류(폐염화비닐수지류는 제외한다),세원환경개발,에스티에너지(주),재활용(중간가공폐기물 제조),경상북도 칠곡군 왜관읍 경부고속도로 158,,,
대신기업(주)칠곡지점,2014,음식물류폐기물,2.5농장,2.5농장,재활용(농업생산활동에 사용),경상북도 칠곡군 왜관읍 경부고속도로 158,,,
대신기업(주)칠곡지점,2014,폐합성수지류(폐염화비닐수지류는 제외한다),세원환경개발,신대일제지공업(주),재활용(직접 에너지회수),경상북도 칠곡군 왜관읍 경부고속도로 158,,,
대신기업(주)칠곡지점,2014,폐식용유(식용을 목적으로 식품 재료와 원료를 제조ㆍ조리ㆍ가공하거나 식용유를 유통ㆍ사용 또는 음식물류 폐기물을 처리하는 과정에서 발생하는 기름을 말한다),(주)신성오앤알,(주)신성오앤알,재활용(중간가공폐기물 제조),경상북도 칠곡군 왜관읍 경부고속도로 158,,,
창덕임업(주),2014,폐목재류 1등급,조흥산업(주),조흥산업(주),중간처분(파쇄.분쇄),경상북도 안동시 평화9길 54 (평화동),,,
(주)화인알텍 4공장,2014,폐합성수지류,세원환경(주),에스티에너지(주),재활용(고형연료화),경상북도 칠곡군 왜관읍 공단로4길 17-25,,,
(주)화인알텍 4공장,2014,폐목재류 1등급,지씨테크(주)경산공장,지씨테크(주)경산공장,재활용(파쇄.분쇄),경상북도 칠곡군 왜관읍 공단로4길 17-25,,,
(주)화인알텍4공장,2014,폐합성수지류(폐염화비닐수지류는 제외한다),(주)그린알앤이달성지점,(주)그린알앤이달성지점,재활용(연료·고형연료제품 제조),경상북도 칠곡군 왜관읍 공단로4길 17-25,,,
(주)화인알텍4공장,2014,폐가구류_ 폐도장목_ 폐목재포장재_ 폐전선드럼(접착제_ 페인트_ 기름_ 콘크리트 등의 물질이 사용된 목재를 말한다),지씨테크(주)경산공장,지씨테크(주)경산공장,재활용(중간가공폐기물 제조),경상북도 칠곡군 왜관읍 공단로4길 17-25,,,
(주)화인알텍4공장,2014,폐발포합성수지,경도금속,경도금속,재활용(원료 제조),경상북도 칠곡군 왜관읍 공단로4길 17-25,,,
(주)화인알텍4공장,2014,폐발포합성수지,영인케미칼,영인케미칼,재활용(원료 제조),경상북도 칠곡군 왜관읍 공단로4길 17-25,,,
(주)혜성화학,2014,폐합성고무류,내일산업,(주)덕영에너지,재활용(파쇄.분쇄),경상북도 칠곡군 석적읍 3공단2로 56-2,,,
대신기업(주)칠곡영업소,2014,폐합성수지류,(주)새한산업개발,(주)새한산업개발,재활용(고형연료화),경상북도 칠곡군 왜관읍 경부고속도로 158,,,
대신기업(주)칠곡영업소,2014,동ㆍ식물성잔재물,(주)태흥환경개발,(주)국인산업,중간처분(일반소각),경상북도 칠곡군 왜관읍 경부고속도로 158,,,
인터테크(주),2014,폐합성수지류,보광비케이이피,보광비케이이피,재활용(파쇄.분쇄),경상북도 칠곡군 왜관읍 2산업단지3길 65,,,
(주)매트일번지,2014,폐합성수지류,㈜대화티엔에스,(주)국인산업,중간처분(일반소각),경상북도 칠곡군 왜관읍 2산업단지2길 206-17,,,
(주)정암이앤씨,2014,폐수처리오니,(주)태흥환경개발,(주)지엠이앤씨,매립(민간관리형매립시설),경상북도 칠곡군 석적읍 포망로 75,,,
우원개발(주),2014,폐수처리오니,내일산업,(주)티에스케이이엔이,매립(민간관리형매립시설),서울특별시 서초구 서초대로 254 (서초동_ 오퓨런스빌딩 18층),,,
(주)대명리싸이클링,2014,공정오니,내일산업,(주)케이엠그린(구미점),매립(민간관리형매립시설),경상북도 칠곡군 가산면 학하9길 54,,,
삼일화학,2014,폐합성수지류(폐염화비닐수지류는 제외한다),(주)리사이클피아,(주)리사이클피아 칠곡지점,재활용(중간가공폐기물 제조),경상북도 칠곡군 왜관읍 공단로5길 32-22,,,
모던라인(주),2014,폐합성수지류,선우기업(주),청조환경(주),재활용(중간가공폐기물 제조),경상북도 칠곡군 지천면 신동로5길 84-7,,,
모던라인(주),2014,그 밖의 폐기물,선우기업(주),(주)케이엠그린,매립(민간관리형매립시설),경상북도 칠곡군 지천면 신동로5길 84-7,,,
모던라인(주),2014,폐합성수지류,선우기업(주),(주)케이비아이국인산업,중간처분(일반소각),경상북도 칠곡군 지천면 신동로5길 84-7,,,
(주)태영금속,2014,그 밖의 광재류 ,(주)화림,(주)화림,재활용(기타),경상북도 칠곡군 가산면 학상1길 159-35,,,
(주)태영금속,2014,그 밖의 분진,(주)구미환경,(주)티에스케이이엔이,매립(민간관리형매립시설),경상북도 칠곡군 가산면 학상1길 159-35,,,
(주)태영금속,2014,그 밖의 분진,신대한정유산업(주),신대한정유산업(주),중간처분(고온소각),경상북도 칠곡군 가산면 학상1길 159-35,,,
(주)화인알텍2공장,2013,폐수처리오니,선우기업(주),(주)케이엠그린구미,매립(민간관리형매립시설),경상북도 칠곡군 왜관읍 공단로10길 39,,,
(주)화인알텍2공장,2013,폐합성수지류(폐염화비닐수지류는 제외한다),(주)그린알앤이달성지점,(주)그린알앤이달성지점,재활용(연료·고형연료제품 제조),경상북도 칠곡군 왜관읍 공단로10길 39,,,
(주)화인알텍2공장,2013,폐가구류_ 폐도장목_ 폐목재포장재_ 폐전선드럼(접착제_ 페인트_ 기름_ 콘크리트 등의 물질이 사용된 목재를 말한다),지씨테크(주)경산공장,지씨테크(주)경산공장,재활용(중간가공폐기물 제조),경상북도 칠곡군 왜관읍 공단로10길 39,,,
(주)화인알텍2공장,2013,폐수처리오니,선우기업(주),(주)시온,재활용(원료 제조),경상북도 칠곡군 왜관읍 공단로10길 39,,,
(주)화인알텍2공장,2013,폐흡착제,(주)일성탄소,(주)일성탄소,재활용(직접 제품제조),경상북도 칠곡군 왜관읍 공단로10길 39,,,
(주)동산,2013,폐합성수지류(폐염화비닐수지류는 제외한다),(주)모드멘,(주)국인산업,중간처분(일반소각),경상북도 칠곡군 석적읍 3공단2로 107,,,
(주)동산,2013,폐활성탄,(주)삼천리카보텍,(주)삼천리카보텍,재활용(중간가공폐기물 제조),경상북도 칠곡군 석적읍 3공단2로 107,,,
명신섬유공업(주)(1공장),2013,폐합성수지류,(주)원동,(주)원동,재활용(기타),경상북도 칠곡군 왜관읍 공단로8길 167,,,
(주)대구정밀,2013,폐합성수지류,(주)태흥환경개발,(주)국인산업,중간처분(일반소각),경상북도 칠곡군 왜관읍 2산업단지2길 153,,,
(주)대구정밀,2013,그 밖의 분진,선우기업(주),(주)에스케이자원개발,재활용(중간가공폐기물 제조),경상북도 칠곡군 왜관읍 2산업단지2길 153,,,
(주)대구정밀,2013,그 밖의 분진,선우기업(주),동주산업환경(주),재활용(성토재·복토재 등으로 사용),경상북도 칠곡군 왜관읍 2산업단지2길 153,,,
이노텍,2013,폐합성수지류,(주)리사이클피아_신영환경,진영제지공업(주),재활용(기타),경상북도 칠곡군 왜관읍 공단로11길 29  (외1필),,,
이노텍,2013,폐합성수지류,(주)리사이클피아,(주)이앤이,중간처분(일반소각),경상북도 칠곡군 왜관읍 공단로11길 29  (외1필),,,
HD테크,2013,폐합성고무류,신우산업,신우산업,재활용(중간가공폐기물 제조),경상북도 칠곡군 왜관읍 공단로8길 252,,,
성원금속,2013,그 밖의 공정오니,(주)성원금속,(주)성원금속,재활용(파쇄.분쇄),경상북도 칠곡군 약목면 교8길 82,,,
(주)디에이치텍,2013,폐수처리오니,동광환경(주),(주)그린코어,재활용(중간가공폐기물 제조),경상북도 칠곡군 약목면 경호천동길 62-24,,,
(주)신우산업,2013,폐합성수지류,우성산업,우성산업,중간처분(용융),경상북도 칠곡군 기산면 기산공단1길 30,,,
(주)엔코,2013,폐합성수지류(폐염화비닐수지류는 제외한다),금오환경개발,(주)국인산업,중간처분(일반소각),경상북도 칠곡군 약목면 칠곡대로 472-6_ 472-12_472-13_472-14,,,
(주)상신정공 제2공장,2013,폐합성수지류,(주)대화티엔에스,(주)국인산업,중간처분(일반소각),경상북도 칠곡군 왜관읍 공단로1길 71-20,,,
대일무역,2013,폐합성수지류,청조환경(주),청조환경(주),중간처분(파쇄.분쇄),경상북도 칠곡군 지천면 신동로2길 91-3,,,
제이에스엠,2012,폐합성수지류,(주)국인산업,(주)국인산업,중간처분(일반소각),경상북도 칠곡군 기산면 주산로 837,,,
(주)금산인터내셔널,2012,공정오니,라이프환경,서륭소재,재활용(기타),경상북도 칠곡군 북삼읍 경호천서길 98,,,
(주)금산인터내셔널,2012,공정오니,(주)라이프환경,서륭소재,재활용(기타),경상북도 칠곡군 북삼읍 경호천서길 98,,,
(주)금산인터내셔널,2012,분진(대기오염방지시설에서 포집된 것에 한정하되_ 소각시설에서 발생되는 것은 제외한다),(주)라이프환경,(주)케이엠그린구미지점,매립(민간관리형매립시설),경상북도 칠곡군 북삼읍 경호천서길 98,,,
(주)금산인터내셔널,2012,분진(대기오염방지시설에서 포집된 것에 한정하되_ 소각시설에서 발생되는 것은 제외한다),라이프환경,(주)케이엠그린구미지점,매립(민간관리형매립시설),경상북도 칠곡군 북삼읍 경호천서길 98,,,
한국수자원공사(낙동강보관리단),2012,그 밖의 폐기물,내일산업,(주)이앤이,중간처분(일반소각),경상북도 칠곡군 석적읍 강변대로 1555 (칠곡보사업소),,,
한국수자원공사(낙동강보관리단),2012,그 밖의 식물성잔재물,지풍영농조합법인,지풍영농조합법인,재활용(농업생산활동에 사용),경상북도 칠곡군 석적읍 강변대로 1555 (칠곡보사업소),,,
다나인터내셔널,2012,폐합성수지류,(주)대화티엔에스,(주)국인산업,중간처분(일반소각),경상북도 칠곡군 약목면 칠곡대로 416-4,,,
(주)케이에이치화이바,2012,폐합성수지류,금호수지,금호수지,중간처분(기타),경상북도 칠곡군 약목면 칠곡대로 460-10,,,
(주)동양테크,2012,폐합성수지류,(주)리사이클피아,(주)제일에너지,중간처분(일반소각),경상북도 칠곡군 왜관읍 공단로1길 40,,,
성신산업,2012,폐가구류_ 폐도장목_ 폐목재포장재_ 폐전선드럼(접착제_ 페인트_ 기름_ 콘크리트 등의 물질이 사용된 목재를 말한다),신우기업(주),(주)성안기업,재활용(중간가공폐기물 제조),경상북도 칠곡군 가산면 경북대로 1511-16,,,
성신산업,2012,목재가공공장 부산물(접착제_ 페인트_ 기름_ 콘크리트 등의 물질이 사용된 목재부산물 및 분진을 말한다),(주)삼명환경,(주)삼명환경,재활용(중간가공폐기물 제조),경상북도 칠곡군 가산면 경북대로 1511-16,,,
(주)데스코,2012,폐합성수지류,(주)대흥산업,신대일제지공업(주),재활용(기타),경상북도 칠곡군 왜관읍 공단로8길 119,,,
한국조명재활용공사(주)영남지점,2012,그 밖의 폐유리,(주)윤진테크,(주)윤진테크,재활용(원료 제조),경상북도 칠곡군 가산면 송신로 119-1,,,
한국조명재활용공사(주)영남지점,2012,폐합성수지류,나이스산업(주)_ 대유통운,나이스산업(주),재활용(원료 제조),경상북도 칠곡군 가산면 송신로 119-1,,,
한국조명재활용공사(주)영남지점,2012,폐금속류,나이스산업(주)_ 대유통운,나이스산업(주),재활용(원료 제조),경상북도 칠곡군 가산면 송신로 119-1,,,
씨에스테크,2012,폐합성수지류,경북환경,(주)국인산업,중간처분(일반소각),경상북도 칠곡군 약목면 칠곡대로 472-13,,,
(주)대진이앤씨 칠곡1공장,2012,그 밖의 폐목재류,지씨테크(주)경산공장,지씨테크(주)경산공장,재활용(중간가공폐기물 제조),경상북도 칠곡군 가산면 호국로 1206-34,,,
(주)대진이앤씨 칠곡1공장,2012,폐합성수지류(폐염화비닐수지류는 제외한다),(주)호생환경,(주)에너지네트웍,중간처분(일반소각),경상북도 칠곡군 가산면 호국로 1206-34,,,
(주)대진이앤씨 칠곡1공장,2012,폐합성수지류(폐염화비닐수지류는 제외한다),(주)대진이앤씨,(주)새한산업개발,재활용(연료·고형연료제품 제조),경상북도 칠곡군 가산면 호국로 1206-34,,,
(주)대진이앤씨 칠곡1공장,2012,폐합성수지류(폐염화비닐수지류는 제외한다),동일종합상사,(주)청도산업,재활용(중간가공폐기물 제조),경상북도 칠곡군 가산면 호국로 1206-34,,,
(주)대진이앤씨 칠곡1공장,2012,폐수처리오니,(주)태경환경,동양에코(주),매립(민간관리형매립시설),경상북도 칠곡군 가산면 호국로 1206-34,,,
(주)대진이앤씨 칠곡1공장,2012,폐합성수지류(폐염화비닐수지류는 제외한다),동일종합상사,(주)창대기업,재활용(중간가공폐기물 제조),경상북도 칠곡군 가산면 호국로 1206-34,,,
(주)대진이앤씨 칠곡1공장,2012,폐합성수지류(폐염화비닐수지류는 제외한다),조영산업,조영산업,재활용(중간가공폐기물 제조),경상북도 칠곡군 가산면 호국로 1206-34,,,
(주)대진이앤씨 칠곡1공장,2012,사업장폐기물 소각시설 소각재(바닥재와 비산재가 혼합된 경우를 말한다),(주)호생환경,(주)에너지네트웍,중간처분(일반소각),경상북도 칠곡군 가산면 호국로 1206-34,,,
(주)럭키엔프라,2012,폐합성수지류(폐염화비닐수지류는 제외한다),(주)신성폴리머,(주)신성폴리머,중간처분(파쇄.분쇄),경상북도 칠곡군 가산면 호국로 1306-2,,,
(주)해광크린텍,2012,폐합성수지류,자가(해광크린텍),진영제지공업(주),중간처분(일반소각),경상북도 칠곡군 가산면 학상1길 159-20,,,
(주)해광크린텍,2012,폐합성수지류,자가(해광크린텍),(주)국인산업,중간처분(일반소각),경상북도 칠곡군 가산면 학상1길 159-20,,,
(주)해광크린텍,2012,폐합성수지류(폐염화비닐수지류는 제외한다),내일산업,유유리사이클링,재활용(중간가공폐기물 제조),경상북도 칠곡군 가산면 학상1길 159-20,,,
(주)타스지혁 제3공장,2012,폐합성수지류(폐염화비닐수지류는 제외한다),동일환경,(주)국인산업,중간처분(일반소각),경상북도 칠곡군 왜관읍 공단로1길 57,,,
에스에스아이(주),2012,폐수처리오니,에스디환경(주),(주)케이엠그린구미지점,매립(민간관리형매립시설),경상북도 칠곡군 석적읍 3공단1로 100-6,,,
대신환경산업,2012,폐합성수지류,에스디환경(주),(주)제일에너지,중간처분(일반소각),경상북도 칠곡군 약목면 교8길 62,,,
(주)화인알텍3공장,2012,폐수처리오니,선우기업(주),(주)케이엠그린구미,매립(민간관리형매립시설),경상북도 칠곡군 왜관읍 공단로4길 46-14,,,
(주)화인알텍3공장,2012,폐합성수지류(폐염화비닐수지류는 제외한다),(주)그린알앤이달성지점,(주)그린알앤이달성지점,재활용(연료·고형연료제품 제조),경상북도 칠곡군 왜관읍 공단로4길 46-14,,,
(주)화인알텍3공장,2012,폐수처리오니,선우기업(주),(주)시온,재활용(원료 제조),경상북도 칠곡군 왜관읍 공단로4길 46-14,,,
(주)유성산업,2012,폐목재류 2등급,(주)삼명환경달성지점,(주)삼명환경달성지점,중간처분(파쇄.분쇄),경상북도 칠곡군 기산면 주산로 994-46,,,
성신금속,2011,비철금속제련공정광재,(주)안산산업,(주)안산산업,재활용(원료 제조),경상북도 칠곡군 가산면 학상1길 159-15,,,
광성전자(주),2011,폐합성수지류(폐염화비닐수지류는 제외한다),(주)구미환경,(주)이앤이,중간처분(일반소각),경상북도 칠곡군 왜관읍 공단로3길 2,,,
(주)성산금속,2011,화학점결폐주물사,(주)대화티엔에스,(주)정진,재활용(중간가공폐기물 제조),경상북도 칠곡군 가산면 학상1길 159-11,,,
(주)성산금속,2011,화학점결폐주물사,(주)대화티엔에스,(주)케이엠그린구미지점,매립(민간관리형매립시설),경상북도 칠곡군 가산면 학상1길 159-11,,,
(주)보광티에스,2011,폐합성수지류,(주)대화티엔에스,(주)국인산업,중간처분(일반소각),경상북도 칠곡군 석적읍 3공단2로 56-10,,,
(주)아즈텍,2011,폐합성수지류(폐염화비닐수지류는 제외한다),(주)구미환경,진영제지공업(주),중간처분(일반소각),경상북도 칠곡군 북삼읍 경호천서길 82,,,
(주)아즈텍,2011,폐합성수지류(폐염화비닐수지류는 제외한다),(주)구미환경,(주)이앤이,중간처분(일반소각),경상북도 칠곡군 북삼읍 경호천서길 82,,,
(주)아즈텍,2011,폐합성수지류(폐염화비닐수지류는 제외한다),(주)구미환경,(주)알케이,재활용(중간가공폐기물 제조),경상북도 칠곡군 북삼읍 경호천서길 82,,,
(주)비지에프리테일 대구지점,2011,폐합성수지류(폐염화비닐수지류는 제외한다),(주)태흥환경개발,(주)국인산업,중간처분(일반소각),경상북도 칠곡군 석적읍 호국로 608,,,
(주)제일에너지,2010,그 밖의 소각시설 중 바닥재와 비산재가 분리ㆍ배출되는 시설에서 발생하는 바닥재,(주)태흥환경개발,(주)케이엠그린구미지점,매립(민간관리형매립시설),경상북도 칠곡군 왜관읍 공단로5길 60-1 (475-2_475-4),,,
(주)제일에너지,2010,그 밖의 소각시설 중 바닥재와 비산재가 분리ㆍ배출되는 시설에서 발생하는 바닥재,(주)삼화특운,(주)대웅지알케이,재활용(직접 제품제조),경상북도 칠곡군 왜관읍 공단로5길 60-1 (475-2_475-4),,,
(주)제일에너지,2010,그 밖의 소각시설 중 바닥재와 비산재가 분리ㆍ배출되는 시설에서 발생하는 바닥재,(주)경동글로벌로지스,(주)SP성보,재활용(원료 제조),경상북도 칠곡군 왜관읍 공단로5길 60-1 (475-2_475-4),,,
(주)성복테크 신리지점,2010,목재가공공장 부산물(접착제_ 페인트_ 기름_ 콘크리트 등의 물질이 사용된 목재부산물 및 분진을 말한다),(주)삼명환경,(주)삼명환경,재활용(중간가공폐기물 제조),경상북도 칠곡군 지천면 신동로2길 91-17,,,
(주)보광산업,2010,폐합성수지류,(주)제일에너지,(주)제일에너지,중간처분(일반소각),경상북도 칠곡군 석적읍 호국로 482,,,
(주)보광산업,2010,공정오니,(주)대화티엔에스,(주)케이엠그린구미지점,매립(민간관리형매립시설),경상북도 칠곡군 석적읍 호국로 482,,,
(주)보광산업,2010,폐합성수지류,내일산업,진영제지공업(주),재활용(기타),경상북도 칠곡군 석적읍 호국로 482,,,
한누리,2010,폐섬유,청조환경(주),청조환경(주),중간처분(파쇄.분쇄),경상북도 칠곡군 지천면 신동로2길 91-3,,,
(주)삼성금속,2010,폐수처리오니,세원환경(주),(주)동양에코,매립(민간관리형매립시설),경상북도 칠곡군 왜관읍 공단로8길 61,,,
(주)삼성금속,2010,그 밖의 공정오니,세원환경(주),(주)동양에코,매립(민간관리형매립시설),경상북도 칠곡군 왜관읍 공단로8길 61,,,
(주)삼성금속,2010,폐합성수지류(폐염화비닐수지류는 제외한다),세원환경(주),신대일제지공업(주),재활용(직접 에너지회수),경상북도 칠곡군 왜관읍 공단로8길 61,,,
(주)삼성금속,2010,폐합성수지류(폐염화비닐수지류는 제외한다),세원환경(주),에스티에너지(주),재활용(중간가공폐기물 제조),경상북도 칠곡군 왜관읍 공단로8길 61,,,
(주)영진기업,2010,폐수처리오니,(주)태흥환경개발,(주)케이엠그린구미지점,매립(민간관리형매립시설),경상북도 칠곡군 가산면 지천로 1436,,,
에스티(주),2010,폐수처리오니,(주)디에스프리텍,(주)디에스프리텍,재활용(원료 제조),경상북도 칠곡군 석적읍 3공단2로 36 (1필지),,,
에스티(주),2010,폐합성수지류(폐염화비닐수지류는 제외한다),칠곡환경,(주)이앤이,중간처분(일반소각),경상북도 칠곡군 석적읍 3공단2로 36 (1필지),,,
(주)에이에스이 칠곡지점,2010,폐수처리오니,(주)이엔티앤에스,(주)케이엠그린구미지점,매립(민간관리형매립시설),경상북도 칠곡군 왜관읍 공단로7길 50 (외4필지),,,
(주)에이에스이 칠곡지점,2010,폐합성수지류(폐염화비닐수지류는 제외한다),동성에코,모다스,재활용(중간가공폐기물 제조),경상북도 칠곡군 왜관읍 공단로7길 50 (외4필지),,,
(주)유진전자통신,2010,폐합성수지류,(주)구미환경,(주)이앤이,중간처분(일반소각),경상북도 칠곡군 약목면 교8길 41-3,,,
주식회사보광산업개발,2010,폐콘크리트,(주)에이치씨 물류,(주)에이치씨부광산업,재활용(직접 제품제조),경상북도 칠곡군 가산면 경북대로 1692-12,,,
(주)태원프라콘,2010,폐합성수지류(폐염화비닐수지류는 제외한다),삼화산업,삼화산업,재활용(기타),경상북도 칠곡군 왜관읍 2산업단지1길 107,,,
(주)진양기술,2010,폐합성수지류(폐염화비닐수지류는 제외한다),(주)대하티엔에스,(주)국인산업,중간처분(일반소각),경상북도 칠곡군 가산면 학상1길 95,,,
(주)진양기술,2010,폐합성수지류(폐염화비닐수지류는 제외한다),황소,(주)그린알앤이달성,재활용(연료·고형연료제품 제조),경상북도 칠곡군 가산면 학상1길 95,,,
(주)진양기술,2010,폐합성수지류(폐염화비닐수지류는 제외한다),황소,봉촌산업,재활용(중간가공폐기물 제조),경상북도 칠곡군 가산면 학상1길 95,,,
한성수지,2009,폐합성수지류,(주)대화티엔에스,신대일제지공업(주),재활용(기타),경상북도 칠곡군 가산면 학하9길 47,,,
대한민국재향경우회왜관공장,2009,폐도자기 조각,덕영환경(주),영진산업,중간처분(파쇄.분쇄),경상북도 칠곡군 왜관읍 공단로3길 17-27,,,
(주)엠씨테크,2009,폐수처리오니,오성기업,케이알텍,매립(민간관리형매립시설),경상북도 칠곡군 약목면 약목로 34-12,,,
(주)엠씨테크,2009,폐합성수지류(폐염화비닐수지류는 제외한다),(주)라이프환경,청조환경(주),중간처분(파쇄.분쇄),경상북도 칠곡군 약목면 약목로 34-12,,,
예은식품,2009,그 밖의 식물성잔재물,(주)태흥환경개발,(주)케이엠그린구미지점,매립(민간관리형매립시설),경상북도 칠곡군 가산면 학하4길 10,,,
예은식품,2009,폐수처리오니,(주)태흥환경개발,(주)케이엠그린구미지점,매립(민간관리형매립시설),경상북도 칠곡군 가산면 학하4길 10,,,
예은식품,2009,그 밖의 식물성잔재물,(주)라이프환경,(주)그린경산,재활용(농업생산활동에 사용),경상북도 칠곡군 가산면 학하4길 10,,,
(주)아세아석재(지점),2009,폐석재류,(주)청진산업,(주)청진산업,재활용(파쇄.분쇄),경상북도 칠곡군 동명면 남원로 403-3,,,
신라석재산업,2009,석재ㆍ골재폐수처리오니(석재ㆍ골재 생산 시 발생한 폐수를 처리하는 과정에서 발생한 오니로 한정한다),(주)대화티엔에스,(주)대경개발,재활용(성토재·복토재 등으로 사용),경상북도 칠곡군 기산면 각산수산길 35,,,
신라석재산업,2009,폐석재류,청진기업,청진기업,재활용(파쇄.분쇄),경상북도 칠곡군 기산면 각산수산길 35,,,
대동산업(주),2009,폐합성수지류(폐염화비닐수지류는 제외한다),내일산업,(주)새한산업개발,재활용(연료·고형연료제품 제조),경상북도 칠곡군 기산면 주산로 1039-28,,,
(주)진양기술,2009,폐합성수지류,(주)국인산업,(주)국인산업,중간처분(일반소각),경상북도 칠곡군 가산면 학상1길 164,,,
(주)나노테크,2009,폐합성수지류,해동플라스틱,해동플라스틱,재활용(파쇄.분쇄),경상북도 칠곡군 약목면 교8길 50-11,,,
광명금속(주),2009,폐내화물,대산환경,케이엠그린구미지점,매립(민간관리형매립시설),경상북도 칠곡군 가산면 학상1길 123,,,
(주)엠텍,2008,폐합성수지류(폐염화비닐수지류는 제외한다),(주)모드멘,(주)국인산업,중간처분(일반소각),경상북도 칠곡군 석적읍 강변대로 2422-6,,,
(주)엠텍,2008,폐활성탄,(주)삼천리카보텍,(주)삼천리카보텍,재활용(중간가공폐기물 제조),경상북도 칠곡군 석적읍 강변대로 2422-6,,,
(주)백산레미콘,2008,폐콘크리트,(주)토종환경,(주)토종환경,재활용(파쇄.분쇄),경상북도 칠곡군 가산면 학상1길 68,,,
(주)화성연료,2008,사업장폐기물 소각시설 바닥재,선우기업(주),(주)케이엠그린,매립(민간관리형매립시설),경상북도 칠곡군 지천면 지천로 433,,,
(주)화성연료,2008,폐합성수지류(폐염화비닐수지류는 제외한다),황소,(주)새한산업개발,재활용(중간가공폐기물 제조),경상북도 칠곡군 지천면 지천로 433,,,
(주)피앤텔 칠곡공장,2008,폐합성수지류,구미환경,(주)이앤이,중간처분(일반소각),경상북도 칠곡군 약목면 교8길 21,,,
(주)피앤텔 칠곡공장,2008,폐합성수지류,금강,금강,재활용(원료가공),경상북도 칠곡군 약목면 교8길 21,,,
(주)피앤텔 칠곡공장,2008,폐흡착제,한국카본,한국카본,재활용(원료가공),경상북도 칠곡군 약목면 교8길 21,,,
(주)피앤텔 칠곡공장,2008,폐합성수지류,중앙플라스틱,중앙플라스틱,재활용(원료가공),경상북도 칠곡군 약목면 교8길 21,,,
(주)현진케미칼,2008,폐합성수지류(폐염화비닐수지류는 제외한다),(주)대화티엔에스,(주)그린알앤이달성지점,재활용(중간가공폐기물 제조),경상북도 칠곡군 기산면 칠곡대로 1284-7,,,
원풍물산(주),2008,폐합성수지류(폐염화비닐수지류는 제외한다),(주)모드멘,(주)국인산업,중간처분(일반소각),경상북도 칠곡군 왜관읍 공단로3길 47,,,
(주)네패스,2008,폐수처리오니,동광환경(주),(주)케이알텍,매립(관리형매립시설),경상북도 칠곡군 왜관읍 공단로7길 15-8,,,
(주)코닉스,2008,폐합성수지류(폐염화비닐수지류는 제외한다),금오환경개발,(주)국인산업,중간처분(일반소각),경상북도 칠곡군 기산면 기산공단1길 52,,,
(주)삼성PSL,2008,폐합성수지,대화티엔에스,진영제지공업,중간처분(일반소각),경상북도 칠곡군 기산면 기산공단1길 52,,,
(주)삼성PSL,2008,폐합성수지,대화테엔에스,국인산업,중간처분(일반소각),경상북도 칠곡군 기산면 기산공단1길 52,,,
(주)라크인더스터리,2008,폐합성수지류,(주)제일에너지,(주)제일에너지,중간처분(일반소각),경상북도 칠곡군 왜관읍 공단로9길 36,,,
(주)카펙발레오 제1사업장,2008,폐합성수지류(폐염화비닐수지류는 제외한다),(주)서광기업,동양에코(주),중간처분(고온소각),경상북도 칠곡군 왜관읍 공단로 82 (1단지 25B),,,
(주)카펙발레오 제1사업장,2008,폐합성수지류(폐염화비닐수지류는 제외한다),(주)서광기업,에스티에너지(주),재활용(중간가공폐기물 제조),경상북도 칠곡군 왜관읍 공단로 82 (1단지 25B),,,
아세아시멘트(주)대구공장,2008,폐콘크리트,더조은환경(주),예스환경(주),중간처분(파쇄.분쇄),경상북도 칠곡군 약목면 경호천동길 2,,,
아세아시멘트(주)대구공장,2008,폐합성수지류,대산환경(주),(주)국인산업,중간처분(일반소각),경상북도 칠곡군 약목면 경호천동길 2,,,
(주)엘앤에프,2008,폐내화물,유림환경합자회사,K.H세라믹,재활용(직접 제품제조),경상북도 칠곡군 왜관읍 2산업단지1길 135,,,
(주)엘앤에프,2008,폐내화물,(주)와이제이로지스,K.H세라믹,재활용(직접 제품제조),경상북도 칠곡군 왜관읍 2산업단지1길 135,,,
(주)엘앤에프,2008,폐내화물,(주)서광기업,(주)동양에코(경주),매립(민간관리형매립시설),경상북도 칠곡군 왜관읍 2산업단지1길 135,,,
(주)엘앤에프,2008,폐합성수지류(폐염화비닐수지류는 제외한다),(주)일선산업,(주)네비엔영천사업소,중간처분(일반소각),경상북도 칠곡군 왜관읍 2산업단지1길 135,,,
(주)엘앤에프,2008,그 밖의 폐목재류,(주)일선산업,녹색자원(주),재활용(중간가공폐기물 제조),경상북도 칠곡군 왜관읍 2산업단지1길 135,,,
(주)엘앤에프,2008,폐내화물,이엔티,(주)중앙교역,재활용(성토재·복토재 등으로 사용),경상북도 칠곡군 왜관읍 2산업단지1길 135,,,
(주)엘앤에프,2008,폐내화물,(주)이엔티앤에스,(주)중앙교역,재활용(성토재·복토재 등으로 사용),경상북도 칠곡군 왜관읍 2산업단지1길 135,,,
(주)엘앤에프,2008,폐합성수지류(폐염화비닐수지류는 제외한다),(주)일선산업,녹색자원(주),재활용(중간가공폐기물 제조),경상북도 칠곡군 왜관읍 2산업단지1길 135,,,
(주)엘앤에프,2008,폐합성수지류(폐염화비닐수지류는 제외한다),(주)일선산업,신대일제지공업(주),재활용(직접 에너지회수),경상북도 칠곡군 왜관읍 2산업단지1길 135,,,
(주)도현산업,2007,그 밖의 광재류 ,(주)비와이테크,(주)비와이테크,재활용(원료 제조),경상북도 칠곡군 약목면 경호천동길 62-27,,,
한일화이버,2007,폐합성수지,(주)시민환경,원에코(주),중간처분(일반소각),경상북도 칠곡군 기산면 기산공단2길 26,,,
세아산업(주)약목,2007,폐합성수지류(폐염화비닐수지류는 제외한다),(주)태흥환경개발,(주)태흥환경개발,중간처분(압축),경상북도 칠곡군 약목면 경호천동길 14,,,
칠곡엔바이로(주),2007,하수처리오니,(주)라이프환경,구미시설공단(구미하수처리장),재활용(연료·고형연료제품 제조),경상북도 칠곡군 왜관읍 공단로 8,,,
칠곡엔바이로(주),2007,분뇨처리오니,(주)라이프환경,(주)켐피아바이오,재활용(토질개선에 사용),경상북도 칠곡군 왜관읍 공단로 8,,,
칠곡엔바이로(주),2007,폐토사,(주)라이프환경,(주)청록,매립(민간관리형매립시설),경상북도 칠곡군 왜관읍 공단로 8,,,
칠곡엔바이로(주),2007,하수처리오니,자가,자가,재활용(토질개선에 사용),경상북도 칠곡군 왜관읍 공단로 8,,,
칠곡엔바이로(주),2007,하수처리오니,라이프환경,구미시설공단(구미하수처리장),재활용(연료·고형연료제품 제조),경상북도 칠곡군 왜관읍 공단로 8,,,
칠곡엔바이로(주),2007,하수처리오니,(주)라이프환경,서화농장,재활용(토질개선에 사용),경상북도 칠곡군 왜관읍 공단로 8,,,
칠곡엔바이로(주),2007,하수처리오니,(주)라이프환경,경주산업개발,매립(민간관리형매립시설),경상북도 칠곡군 왜관읍 공단로 8,,,
칠곡엔바이로(주),2007,폐활성탄,(주)백석화학,(주)백석화학,재활용(직접 제품제조),경상북도 칠곡군 왜관읍 공단로 8,,,
(주)한길,2007,그 밖의 식물성잔재물,동광환경(주),드림농장,재활용(농업생산활동에 사용),경상북도 칠곡군 왜관읍 봉계로 263,,,
(주)한길,2007,폐토사,동광환경(주),(주)케이엠그린구미지점,매립(민간관리형매립시설),경상북도 칠곡군 왜관읍 봉계로 263,,,
(주)한길,2007,폐합성수지류(폐염화비닐수지류는 제외한다),동광환경(주),에스티에너지(주),재활용(중간가공폐기물 제조),경상북도 칠곡군 왜관읍 봉계로 263,,,
(주)한스,2007,폐유리류,대구파유리,대구파유리,재활용(원료가공),경상북도 칠곡군 왜관읍 공단로 278,,,
(주)한스,2007,폐합성수지,그린환경,(주)선우환경,중간처분(일반소각),경상북도 칠곡군 왜관읍 공단로 278,,,
삼우TCS(주),2006,폐합성수지류(폐염화비닐수지류는 제외한다),(주)미주산업,(주)제일에너지,중간처분(일반소각),경상북도 칠곡군 왜관읍 2산업단지3길 71-19,,,
삼우TCS(주),2006,폐합성수지류(폐염화비닐수지류는 제외한다),미주산업(주),(주)그린알앤이달성지점,재활용(연료·고형연료제품 제조),경상북도 칠곡군 왜관읍 2산업단지3길 71-19,,,
삼우TCS(주),2006,폐합성수지류(폐염화비닐수지류는 제외한다),(주)미주산업,(주)제일환경,재활용(중간가공폐기물 제조),경상북도 칠곡군 왜관읍 2산업단지3길 71-19,,,
(주)합동전자 남계지점,2006,폐수처리오니,(주)모드맨,(주)지엠이앤씨,매립(민간관리형매립시설),경상북도 칠곡군 약목면 약목로 20,,,
(주)럭키엔프라,2005,폐합성수지류,대신환경,(주)국인산업,중간처분(일반소각),경상북도 칠곡군 가산면 호국로 1306-2,,,
(주)삼성PSL,2005,폐합성수지,(주)국인산업,(주)국인산업,중간처분(일반소각),경상북도 칠곡군 기산면 기산공단1길 52,,,
신진태크(주),2005,폐합성수지,(주)태흥환경개발,(주)국인산업,중간처분(일반소각),경상북도 칠곡군 왜관읍 공단로6길 23,,,
진웅금속(주),2005,광재,(주)화림,(주)화림,재활용(기타),경상북도 칠곡군 가산면 학상1길 159-35,,,
진웅금속(주),2005,분진,(주)대경통운,(주)화림,재활용(기타),경상북도 칠곡군 가산면 학상1길 159-35,,,
광명금속(주),2005,그 밖의 분진,신대한정유산업(주),신대한정유산업(주),중간처분(고온소각),경상북도 칠곡군 가산면 학상1길 123,,,
광명금속(주),2005,비철금속제련공정광재,(주)안산산업,(주)안산산업,재활용(원료 제조),경상북도 칠곡군 가산면 학상1길 123,,,
광명금속(주),2005,폐내화물,(주)태흥환경개발,(주)이앤컴퍼티구미지점,매립(민간관리형매립시설),경상북도 칠곡군 가산면 학상1길 123,,,
광명금속(주),2005,그 밖의 분진,(주)태흥환경개발,(주)보광,재활용(중간가공폐기물 제조),경상북도 칠곡군 가산면 학상1길 123,,,
일성,2004,분진,(주)유창이엔이,대화산업(주),재활용(기타),경상북도 칠곡군 약목면 무림4길 36,,,
일성,2004,폐주물사및샌드블라스트폐사,(주)유창이엔이,대화산업(주),재활용(기타),경상북도 칠곡군 약목면 무림4길 36,,,
(주)대현하이웨이 동명상휴게소,2004,폐합성수지류(폐염화비닐수지류는 제외한다),대명산업,진영제지공업(주),중간처분(일반소각),경상북도 칠곡군 동명면 중앙고속도로 123,,,
(주)대현하이웨이 동명상휴게소,2004,폐식용유(식용을 목적으로 식품 재료와 원료를 제조ㆍ조리ㆍ가공하거나 식용유를 유통ㆍ사용 또는 음식물류 폐기물을 처리하는 과정에서 발생하는 기름을 말한다),(주)신성오앤알,(주)신성오앤알,재활용(중간가공폐기물 제조),경상북도 칠곡군 동명면 중앙고속도로 123,,,
(주)대현하이웨이 동명상휴게소,2004,음식물류폐기물,농업회사법인(주)해인,금봉양돈,재활용(농업생산활동에 사용),경상북도 칠곡군 동명면 중앙고속도로 123,,,
(주)대현하이웨이 동명하휴게소,2004,폐합성수지류(폐염화비닐수지류는 제외한다),대명산업,진영제지공업(주),중간처분(일반소각),경상북도 칠곡군 동명면 중앙고속도로 122,,,
(주)대현하이웨이 동명하휴게소,2004,폐식용유(식용을 목적으로 식품 재료와 원료를 제조ㆍ조리ㆍ가공하거나 식용유를 유통ㆍ사용 또는 음식물류 폐기물을 처리하는 과정에서 발생하는 기름을 말한다),(주)신성오앤알,(주)신성오앤알,재활용(중간가공폐기물 제조),경상북도 칠곡군 동명면 중앙고속도로 122,,,
(주)대현하이웨이 동명하휴게소,2004,음식물류폐기물,농업회사법인(주)해인,금봉양돈,재활용(농업생산활동에 사용),경상북도 칠곡군 동명면 중앙고속도로 122,,,
주식회사 코모텍,2004,폐합성수지류(폐염화비닐수지류는 제외한다),덕영환경(주),(주)덕영에너지,재활용(중간가공폐기물 제조),경상북도 칠곡군 왜관읍 공단로4길 17-26,,,
삼부개발,2004,폐목재류,대동산업,대동산업,재활용(기타),경상북도 칠곡군 왜관읍 공단로 267,,,
삼부개발,2004,폐합성수지류,구미환경,(주)이케이산업,중간처분(일반소각),경상북도 칠곡군 왜관읍 공단로 267,,,
삼부개발,2004,폐유리류,구미환경,동양에코(주),매립(민간관리형매립시설),경상북도 칠곡군 왜관읍 공단로 267,,,
화성씨링플라스틱,2004,폐합성수지류,(주)태흥환경개발,성대산업(주),재활용(기타),경상북도 칠곡군 석적읍 3공단2로 46  (3공단 14B),,,
화성씨링플라스틱,2004,폐합성수지류,(주)태흥환경개발,(주)국인산업,중간처분(일반소각),경상북도 칠곡군 석적읍 3공단2로 46  (3공단 14B),,,
(주)시온글로브,2004,사업장일반폐기물,(주)태흥환경개발,(주)국인산업,중간처분(일반소각),경상북도 칠곡군 가산면 호국로 1266-16,,,
부림섬유,2004,폐섬유류,대지섬유,대지섬유,중간처분(파쇄.분쇄),경상북도 칠곡군 왜관읍 공단로4길 45-18,,,
고택스,2004,폐섬유류,대지산업,대지산업,중간처분(파쇄.분쇄),경상북도 칠곡군 왜관읍 공단로2길 50,,,
대성섬유,2004,폐섬유류,(주)동진케미칼,(주)동진케미칼,중간처분(파쇄.분쇄),경상북도 칠곡군 왜관읍 공단로2길 40,,,
(주)지티아이,2004,폐합성수지,진성수지,진성수지,중간처분(용융),경상북도 칠곡군 석적읍 중지3길 6,,,
(주)화인알텍,2004,폐수처리오니,선우기업(주),(주)케이엠그린구미지점,매립(민간관리형매립시설),경상북도 칠곡군 왜관읍 공단로3길 17-4,,,
(주)화인알텍,2004,폐합성수지류(폐염화비닐수지류는 제외한다),(주)그린알앤이달성지점,(주)그린알앤이달성지점,재활용(연료·고형연료제품 제조),경상북도 칠곡군 왜관읍 공단로3길 17-4,,,
(주)화인알텍,2004,폐합성수지류(폐염화비닐수지류는 제외한다),세원환경(주),(주)네비엔영천사무소,중간처분(일반소각),경상북도 칠곡군 왜관읍 공단로3길 17-4,,,
(주)화인알텍,2004,폐가구류_ 폐도장목_ 폐목재포장재_ 폐전선드럼(접착제_ 페인트_ 기름_ 콘크리트 등의 물질이 사용된 목재를 말한다),지씨테크(주)경산공장,지씨테크(주)경산공장,재활용(중간가공폐기물 제조),경상북도 칠곡군 왜관읍 공단로3길 17-4,,,
(주)선테크,2004,폐합성수지,라경엔프라,라경엔프라,중간처분(파쇄.분쇄),경상북도 칠곡군 북삼읍 어로4길 74-3,,,
용천섬유,2004,사업장일반폐기물,중부산업,중부산업,재활용(기타),경상북도 칠곡군 왜관읍 공단로 183,,,
용천섬유,2004,사업장일반폐기물,중부산업,중부산업,재활용(기타),경상북도 칠곡군 왜관읍 공단로 183,,,
강북석재산업(주)칠곡지점,2003,폐수처리오니,내일산업,(유)신한기업,재활용(성토재·복토재 등으로 사용),경상북도 칠곡군 기산면 영리1길 7,,,
강북석재산업(주)칠곡지점,2003,폐석재,(주)청진기업,(주)청진기업,재활용(직접 제품제조),경상북도 칠곡군 기산면 영리1길 7,,,
강북석재산업(주)칠곡지점,2003,석재ㆍ골재폐수처리오니(석재ㆍ골재 생산 시 발생한 폐수를 처리하는 과정에서 발생한 오니로 한정한다),내일산업,(주)황등석산,재활용(성토재·복토재 등으로 사용),경상북도 칠곡군 기산면 영리1길 7,,,
(주)하나로물산,2003,공정오니,세원환경(주),(주)코엔텍,매립(기타매립시설),경상북도 칠곡군 왜관읍 공단로3길 17-8,,,
윈텍스,2003,폐섬유류,(주)태흥환경개발,(주)국인산업,중간처분(일반소각),경상북도 칠곡군 석적읍 3공단2로 93,,,
세원기업(주),2003,폐섬유류,세방글로컬,세방글로컬,재활용(기타),경상북도 칠곡군 왜관읍 공단로10길 28,,,
세원기업(주),2003,폐합성수지류(폐염화비닐수지류는 제외한다),(주)성한환경,리클린대구주식회사,재활용(중간가공폐기물 제조),경상북도 칠곡군 왜관읍 공단로10길 28,,,
(주)케이앤피,2003,폐합성수지,벽방산업,벽방산업,재활용(기타),경상북도 칠곡군 석적읍 3공단1로 86-20,,,
(주)케이앤피,2003,폐합성수지,이케이산업,이케이산업,중간처분(고온소각),경상북도 칠곡군 석적읍 3공단1로 86-20,,,
(주)우성,2003,소각잔재물,경안환경,(주)선그린,매립(민간관리형매립시설),경상북도 칠곡군 왜관읍 구상길 96-7,,,
대구제일식품,2003,사업장폐기물,동창산업(주),(주)국인산업,매립(민간관리형매립시설),경상북도 칠곡군 동명면 봉암7길 77,,,
대구제일식품,2003,폐수처리오니,동창산업(주),(주)국인산업,매립(민간관리형매립시설),경상북도 칠곡군 동명면 봉암7길 77,,,
(주)백산레미콘,2003,건설폐기물,(주)성일산업,(주)성일산업,재활용(파쇄.분쇄),경상북도 칠곡군 가산면 학상1길 80,,,
(주)감로파인케미칼,2003,분진,경안산업,(주)코엔텍,매립(민간관리형매립시설),경상북도 칠곡군 약목면 교8길 105,,,
(주)감로파인케미칼,2003,소각잔재물,경안산업,(주)코엔텍,매립(민간관리형매립시설),경상북도 칠곡군 약목면 교8길 105,,,
(주)대진산업,2003,폐합성수지,동천수지,동천수지,중간처분(고온용융),경상북도 칠곡군 북삼읍 어로4길 31,,,
(주)득우,2003,폐수처리오니,세원환경,(주)코엔텍,매립(민간관리형매립시설),경상북도 칠곡군 왜관읍 공단로10길 21,,,
(주)득우,2003,폐섬유류,원동산업,원동산업,중간처분(고온용융),경상북도 칠곡군 왜관읍 공단로10길 21,,,
(주)아워홈 경북영업소,2003,사업장폐기물,(주)태흥환경개발,(주)국인산업,매립(민간관리형매립시설),경상북도 칠곡군 가산면 경북대로 1460,,,
건풍산업(주)왜관공장,2003,폐섬유류,원동산업,원동산업,재활용(기타),경상북도 칠곡군 왜관읍 공단로10길 8,,,
미성실업(주),2003,폐콘크리트,(주)토종환경,(주)토종환경,재활용(파쇄.분쇄),경상북도 칠곡군 석적읍 석적로 345,,,
(주)덕우실업,2003,폐합성수지,원동산업,원동산업,재활용(기타),경상북도 칠곡군 왜관읍 공단로4길 31-32,,,
신화석재산업,2002,공정오니,세운환경,(주)국인산업,매립(민간관리형매립시설),경상북도 칠곡군 석적읍 포망로 224-14,,,
(주)한비론,2002,폐발포합성수지,영인케미칼,영인케미칼,재활용(원료 제조),경상북도 칠곡군 왜관읍 공단로5길 59-31,,,
(주)한비론,2002,폐합성수지류(폐염화비닐수지류는 제외한다),(주)대화티엔에스,(주)국인산업,중간처분(일반소각),경상북도 칠곡군 왜관읍 공단로5길 59-31,,,
(주)한비론,2002,폐수처리오니,(주)서광기업,동양에코(주),매립(민간관리형매립시설),경상북도 칠곡군 왜관읍 공단로5길 59-31,,,
코맥스화학(주)왜관지점,2002,공정오니,(주)대화티엔에스,(주)케이엠그린구미지점,매립(민간관리형매립시설),경상북도 칠곡군 왜관읍 공단로1길 82,,,
성광프라스틱,2002,폐합성수지,자가처리,자가,중간처분(용융),경상북도 칠곡군 가산면 심곡1길 7,,,
다이나믹스엔지니어링,2002,분진,(주)구미환경,(주)크레텍,매립(민간관리형매립시설),경상북도 칠곡군 가산면 경북대로 1455-35,,,
대덕환경산업(주)칠곡지점,2002,폐합성수지류(폐염화비닐수지류는 제외한다),(주)동화환경,(주)덕영에너지,재활용(중간가공폐기물 제조),경상북도 칠곡군 동명면 경북대로 720,,,
대덕환경산업(주)칠곡지점,2002,건축현장 폐목재(원목상태의 깨끗한 목재를 말한다),(주)동호환경,(주)덕영에너지,재활용(중간가공폐기물 제조),경상북도 칠곡군 동명면 경북대로 720,,,
대덕환경산업(주)칠곡지점,2002,폐합성수지류(폐염화비닐수지류는 제외한다),(주)대화티엔에스,녹색자원(주),재활용(중간가공폐기물 제조),경상북도 칠곡군 동명면 경북대로 720,,,
대덕환경산업(주)칠곡지점,2002,그 밖의 폐목재류,(주)이엔티엔에스,대웅자원(주),재활용(연료·고형연료제품 제조),경상북도 칠곡군 동명면 경북대로 720,,,
대덕환경산업(주)칠곡지점,2002,그 밖의 폐기물,(주)대화티엔에스,(주)경주산업개발,매립(민간관리형매립시설),경상북도 칠곡군 동명면 경북대로 720,,,
(주)피앤텔 칠곡공장,2002,폐합성수지류(폐염화비닐수지류는 제외한다),(주)구미환경,(주)이앤이,중간처분(일반소각),경상북도 칠곡군 약목면 교8길 21,,,
디앤에스칼라테크(주),2002,폐합성수지,(주)서광기업,(주)그레텍,중간처분(일반소각),경상북도 칠곡군 왜관읍 공단로9길 24,,,
구미시설공단,2002,하수처리오니,(주)구미환경,(주)켐피아바이오,재활용(농업생산활동에 사용),경상북도 칠곡군 석적읍 3공단1로 62-6,,,
구미시설공단,2002,폐토사,(주)한성,(주)정진,재활용(중간가공폐기물 제조),경상북도 칠곡군 석적읍 3공단1로 62-6,,,
구미시설공단,2002,하수처리오니,자가,자가처리,재활용(연료·고형연료제품 제조),경상북도 칠곡군 석적읍 3공단1로 62-6,,,
구미시설공단,2002,폐흡착제,내일산업,에코시스템(주)구미,매립(민간관리형매립시설),경상북도 칠곡군 석적읍 3공단1로 62-6,,,
구미시설공단,2002,폐여과사,내일산업,에코시스템(주)구미,매립(민간관리형매립시설),경상북도 칠곡군 석적읍 3공단1로 62-6,,,
구미시설공단,2002,폐합성수지류(폐염화비닐수지류는 제외한다),(주)대화티엔에스,(주)국인산업,중간처분(일반소각),경상북도 칠곡군 석적읍 3공단1로 62-6,,,
구미시설공단,2002,사업장폐기물 소각시설 비산재,라이프환경,(주)청록,매립(민간관리형매립시설),경상북도 칠곡군 석적읍 3공단1로 62-6,,,
구미시설공단,2002,하수처리오니,자가,자가처리,중간처분(일반소각),경상북도 칠곡군 석적읍 3공단1로 62-6,,,
소량배출인협의회,2002,그 밖의 소각시설 중 바닥재와 비산재가 분리ㆍ배출되는 시설에서 발생하는 비산재,오성기업,(주)와이에스텍,매립(기타매립시설),경상북도 칠곡군 약목면 복성4길 23,,,
소량배출인협의회,2002,그 밖의 소각시설 중 바닥재와 비산재가 분리ㆍ배출되는 시설에서 발생하는 비산재,오성기업,(주)와이에스텍,매립(기타매립시설),경상북도 칠곡군 약목면 복성4길 23,,,
칠곡엔바이로(주),2002,하수처리오니,(주)라이프환경,구미시설공단(구미하수처리장),재활용(연료·고형연료제품 제조),경상북도 칠곡군 약목면 교1길 61,,,
칠곡엔바이로(주),2002,하수처리오니,(주)라이프환경,경주산업개발,매립(민간관리형매립시설),경상북도 칠곡군 약목면 교1길 61,,,
칠곡엔바이로(주),2002,폐토사,라이프환경,청록(주),매립(민간관리형매립시설),경상북도 칠곡군 약목면 교1길 61,,,
칠곡엔바이로(주),2002,가축분뇨처리오니,라이프환경,(주)켐피아바이오,재활용(퇴비화),경상북도 칠곡군 약목면 교1길 61,,,
칠곡엔바이로(주),2002,하수처리오니,칠곡엔바이로(주),칠곡엔바이로(주),재활용(토질개선에 사용),경상북도 칠곡군 약목면 교1길 61,,,
칠곡엔바이로(주),2002,하수처리오니,라이프환경,구미시설공단(구미하수처리장),재활용(연료·고형연료제품 제조),경상북도 칠곡군 약목면 교1길 61,,,
칠곡엔바이로(주),2002,하수처리오니,라이프환경,서화농장,재활용(퇴비화),경상북도 칠곡군 약목면 교1길 61,,,
약목하수종말처리장,2002,사업장폐기물,동화개발(주),(주)선그린,매립(기타매립시설),경상북도 칠곡군 약목면 교1길 61,,,
약목하수종말처리장,2002,사업장폐기물,동화개발(주),(주)선그린,매립(기타매립시설),경상북도 칠곡군 약목면 교1길 61,,,
약목하수종말처리장,2002,오니류,동화개발(주),(주)선그린,매립(기타매립시설),경상북도 칠곡군 약목면 교1길 61,,,
주식회사 해원금속,2002,화학점결폐주물사,(주)대화티엔에스,(주)정진,재활용(중간가공폐기물 제조),경상북도 칠곡군 가산면 호국로 1306-11,,,
주식회사 해원금속,2002,화학점결폐주물사,(주)대화티엔에스,(주)티에스케이이앤이,매립(민간관리형매립시설),경상북도 칠곡군 가산면 호국로 1306-11,,,
빠스카식품,2002,그 밖의 폐수처리오니,선우기업(주),그린사이클링,재활용(토질개선에 사용),경상북도 칠곡군 동명면 경북대로 848,,,
빠스카식품,2002,그 밖의 식물성잔재물,동명농산,녹산농장,재활용(원형 재사용),경상북도 칠곡군 동명면 경북대로 848,,,
빠스카식품,2002,그 밖의 폐수처리오니,오성기업(주),(주)와이에스텍,매립(민간관리형매립시설),경상북도 칠곡군 동명면 경북대로 848,,,
칠곡군청,2001,토사,태흥환경개발,(주)국인산업,관리형매립,경상북도 칠곡군 왜관읍 군청1길 80,,,
태백목재(주),2001,폐목재류,영광공업(주),영광공업(주),기타재활용,경상북도 칠곡군 석적읍 포망로 198,,,
(주)폴리텍,2001,분진(대기오염방지시설에서 포집된 것에 한정하되_ 소각시설에서 발생되는 것은 제외한다),상운환경,코엔텍(주),관리형매립,경상북도 칠곡군 약목면 경호천동길 62-7,,,
(주)폴리텍,2001,폐합성수지류,상운환경,금호수지,재활용(파쇄.분쇄),경상북도 칠곡군 약목면 경호천동길 62-7,,,
(주)폴리텍,2001,폐합성수지류,(주)태경환경,원에코(주),중간처분(일반소각),경상북도 칠곡군 약목면 경호천동길 62-7,,,
현대플라스틱,2001,폐합성수지,대아산업,부산환경개발(주),소각,경상북도 칠곡군 가산면 학상1길 178,,,
한국전력공사 칠곡지사,2001,폐전주(폐애자_ 폐근가 및 폐합성수지제 커버류 등을 포함한다),(주)범웅리사이클링,(주)범웅리사이클링,재활용(직접 제품제조),경상북도 칠곡군 왜관읍 구상길 178 (한국전력공사칠곡지사),,,
(재)조양공원,2001,폐합성수지,(주)성광기업,(주)그레텍,소각,경상북도 칠곡군 지천면 달방길 215,,,
(주)LG유통경북영업소,2001,폐합성수지,(주)태흥환경개발,(주)국인산업,소각,경상북도 칠곡군 가산면 경북대로 1460,,,
(주)LG유통경북영업소,2001,사업장생활계폐기물,(주)태흥환경개발,(주)국인산업,소각,경상북도 칠곡군 가산면 경북대로 1460,,,
(주)득인기공,2001,폐합성수지,동광환경(주),(주)코엔텍,소각,경상북도 칠곡군 왜관읍 공단로4길 17-9,,,
레이젠(주),2001,폐합성수지,(주)럭키엔프라,(주)럭키엔프라,기타재활용,경상북도 칠곡군 왜관읍 공단로5길 18-24,,,
대보화섬,2001,폐합성수지,광덕수지,광덕수지,기타재활용,경상북도 칠곡군 왜관읍 공단로7길 21,,,
(주)선마이크로닉스,2001,폐수처리오니,오성기업(주),그린환경(주),관리형매립,경상북도 칠곡군 약목면 약목로 34-12,,,
(주)세융산업,2000,비철금속제련공정광재,(유)트윈물류,(주)화림,재활용(원료 제조),경상북도 칠곡군 왜관읍 공단로11길 46-5,,,
(주)세융산업,2000,그 밖의 분진,(유)트윈물류,(주)화림,재활용(원료 제조),경상북도 칠곡군 왜관읍 공단로11길 46-5,,,
(주)세융산업,2000,비철금속제련공정광재,(주)안산산업,(주)안산산업,재활용(원료 제조),경상북도 칠곡군 왜관읍 공단로11길 46-5,,,
(주)유창기업,2000,사업장폐기물,경남환경,(주)코엔텍,관리형매립,경상북도 칠곡군 왜관읍 공단로4길 7,,,
뉴드림마트,2000,생활폐기물,욱현환경,(주)국인산업,관리형매립,경상북도 칠곡군 석적읍 북중리3길 65,,,
유창섬유(주)왜관공장,2000,폐합성수지,황룡수지,황룡수지,중간처분(용융),경상북도 칠곡군 왜관읍 공단로7길 1,,,
유창섬유(주)왜관공장,2000,폐합성수지,자가처리,자가,중간처분(일반소각),경상북도 칠곡군 왜관읍 공단로7길 1,,,
유창섬유(주)왜관공장,2000,소각잔재물,삼육환경,써그린_국인상업,매립(민간관리형매립시설),경상북도 칠곡군 왜관읍 공단로7길 1,,,
유창섬유(주)왜관공장,2000,분진,삼육환경,썬그린_국인산업,매립(민간관리형매립시설),경상북도 칠곡군 왜관읍 공단로7길 1,,,
유창섬유(주)왜관공장,2000,사업장생활계폐기물,영광산업,영광선업,재활용(기타),경상북도 칠곡군 왜관읍 공단로7길 1,,,
유창섬유(주)왜관공장,2000,폐수처리오니,삼육화경,선양,매립(민간관리형매립시설),경상북도 칠곡군 왜관읍 공단로7길 1,,,
명신섬유공업(주),1999,사업장폐기물,(주)원동,(주)원동,중간처분(용융),경상북도 칠곡군 왜관읍 공단로8길 167,,,
우진기업,1998,폐수처리오니,구미환경,국인산업,매립(기타매립시설),경상북도 칠곡군 석적읍 포망로 216,,,
승우무역(주)왜관공장,1997,폐합성수지,건영산업,건영산업,파쇄.절단,경상북도 칠곡군 왜관읍 공단로 267,,,
경동사,1997,폐알카리,(주)한우,(주)한우,기타재활용,경상북도 칠곡군 왜관읍 공단로3길 22,,,
경동사,1997,폐페인트 및 폐락카,태흥환경,태흥환경,소각,경상북도 칠곡군 왜관읍 공단로3길 22,,,
대양산업(주),1996,폐합성수지,(주)오양,(주)오양,매립(기타매립시설),경상북도 칠곡군 왜관읍 공단로8길 75,,,
대양산업(주),1996,소각잔재물,(주)오양,(주)오양,매립(기타매립시설),경상북도 칠곡군 왜관읍 공단로8길 75,,,
(주)삼성제침,1996,폐수처리오니,(주)구미환경,(주)티에스케이이앤이,매립(관리형매립시설),경상북도 칠곡군 왜관읍 공단로 256,,,
(주)삼성제침,1996,폐합성수지류(폐염화비닐수지류는 제외한다),(주)구미환경,(주)이앤이,중간처분(일반소각),경상북도 칠곡군 왜관읍 공단로 256,,,
진영제지공업(주),1994,폐합성수지류(폐염화비닐수지류는 제외한다),자가처리,자가,중간처분(일반소각),경상북도 칠곡군 약목면 교8길 83,,,
진영제지공업(주),1994,사업장폐기물 소각시설 바닥재,(주)대화티엔에스,에코시스템(주)구미,매립(민간관리형매립시설),경상북도 칠곡군 약목면 교8길 83,,,
진영제지공업(주),1994,사업장폐기물 소각시설 비산재,(주)대화티엔에스,에코시스템(주)구미,매립(민간관리형매립시설),경상북도 칠곡군 약목면 교8길 83,,,
진영제지공업(주),1994,그 밖의 무기성오니,(주)대화티엔에스,에코시스템(주)구미,매립(민간관리형매립시설),경상북도 칠곡군 약목면 교8길 83,,,
한일건재공업(주),1992,폐콘크리트,(주)세명산업개발,(주)세명산업개발,중간처분(파쇄.분쇄),경상북도 칠곡군 북삼읍 금오동천로 27,,,
